booking_id,passbook_number,cultivation_id,crop,centre_id,slot_datetime,token_number,quantity_to_sell_quintals,queue_status
BKG000001,PPB000282,CUL000356,Maize,PPC042,2026-09-04 09:00:00,60,14.32,PROCESSING
BKG000002,PPB000853,CUL001060,Maize,PPC027,2026-09-17 15:00:00,139,29.32,COMPLETED
BKG000003,PPB000227,CUL000284,Cotton,PPC010,2026-09-19 16:00:00,98,4.65,PROCESSING
BKG000004,PPB000534,CUL000661,Cotton,PPC019,2026-09-03 12:00:00,49,10.62,PROCESSING
BKG000005,PPB000986,CUL001222,Cotton,PPC021,2026-09-02 10:00:00,138,9.89,WAITING
BKG000006,PPB000640,CUL000795,Maize,PPC011,2026-09-06 16:00:00,109,48.95,PROCESSING
BKG000007,PPB000713,CUL000883,Groundnut,PPC029,2026-09-25 11:00:00,51,5.08,WAITING
BKG000008,PPB000749,CUL000930,Groundnut,PPC007,2026-09-07 10:00:00,59,5.56,WAITING
BKG000009,PPB000550,CUL000679,Soybean,PPC029,2026-09-03 15:00:00,110,4.9,WAITING
BKG000010,PPB000336,CUL000419,Soybean,PPC001,2026-09-15 16:00:00,37,5.53,COMPLETED
BKG000011,PPB000681,CUL000844,Paddy,PPC023,2026-09-25 16:00:00,64,109.85,PROCESSING
BKG000012,PPB000222,CUL000277,Maize,PPC014,2026-09-02 09:00:00,60,20.6,WAITING
BKG000013,PPB000652,CUL000807,Groundnut,PPC011,2026-09-08 09:00:00,70,67.93,WAITING
BKG000014,PPB000250,CUL000313,Groundnut,PPC038,2026-09-26 15:00:00,24,25.4,WAITING
BKG000015,PPB000664,CUL000823,Maize,PPC011,2026-09-22 16:00:00,75,58.88,WAITING
BKG000016,PPB000602,CUL000747,Soybean,PPC047,2026-09-14 16:00:00,140,2.82,PROCESSING
BKG000017,PPB000850,CUL001056,Groundnut,PPC007,2026-09-27 12:00:00,83,12.5,COMPLETED
BKG000018,PPB000916,CUL001137,Soybean,PPC040,2026-09-26 16:00:00,68,11.76,WAITING
BKG000019,PPB000996,CUL001234,Soybean,PPC035,2026-09-08 14:00:00,40,1.61,COMPLETED
BKG000020,PPB000467,CUL000583,Cotton,PPC022,2026-09-17 16:00:00,47,8.54,WAITING
BKG000021,PPB000609,CUL000755,Cotton,PPC038,2026-09-26 15:00:00,99,2.92,PROCESSING
BKG000022,PPB000309,CUL000389,Groundnut,PPC019,2026-09-23 11:00:00,64,15.03,WAITING
BKG000023,PPB000028,CUL000034,Cotton,PPC013,2026-09-15 14:00:00,48,1.8,WAITING
BKG000024,PPB000083,CUL000100,Cotton,PPC003,2026-09-08 15:00:00,142,14.03,PROCESSING
BKG000025,PPB000829,CUL001028,Soybean,PPC048,2026-09-20 09:00:00,117,62.95,WAITING
BKG000026,PPB000387,CUL000487,Groundnut,PPC003,2026-09-26 15:00:00,39,4.3,WAITING
BKG000027,PPB000258,CUL000323,Cotton,PPC040,2026-09-20 11:00:00,46,6.43,PROCESSING
BKG000028,PPB000822,CUL001019,Soybean,PPC049,2026-09-04 12:00:00,45,2.29,WAITING
BKG000029,PPB000929,CUL001150,Soybean,PPC048,2026-09-09 10:00:00,143,6.95,WAITING
BKG000030,PPB000580,CUL000717,Groundnut,PPC002,2026-09-12 16:00:00,39,14.59,PROCESSING
BKG000031,PPB000123,CUL000149,Maize,PPC044,2026-09-11 15:00:00,98,25.31,PROCESSING
BKG000032,PPB000243,CUL000305,Soybean,PPC029,2026-09-29 16:00:00,79,2.19,WAITING
BKG000033,PPB000666,CUL000825,Groundnut,PPC038,2026-09-30 11:00:00,70,6.42,WAITING
BKG000034,PPB000992,CUL001229,Cotton,PPC011,2026-09-01 16:00:00,97,0.58,PROCESSING
BKG000035,PPB000429,CUL000539,Paddy,PPC050,2026-09-28 11:00:00,115,3.12,WAITING
BKG000036,PPB000203,CUL000250,Maize,PPC045,2026-09-29 10:00:00,110,3.56,COMPLETED
BKG000037,PPB000360,CUL000453,Soybean,PPC018,2026-09-06 12:00:00,122,17.88,COMPLETED
BKG000038,PPB000141,CUL000170,Soybean,PPC011,2026-09-30 11:00:00,5,18.22,WAITING
BKG000039,PPB000569,CUL000705,Maize,PPC026,2026-09-12 14:00:00,37,2.44,WAITING
BKG000040,PPB000913,CUL001132,Cotton,PPC011,2026-09-05 14:00:00,30,6.43,PROCESSING
BKG000041,PPB000858,CUL001066,Soybean,PPC050,2026-09-14 10:00:00,39,13.46,WAITING
BKG000042,PPB000021,CUL000025,Soybean,PPC043,2026-09-23 14:00:00,60,9.17,COMPLETED
BKG000043,PPB000600,CUL000745,Maize,PPC043,2026-09-24 16:00:00,105,12.13,WAITING
BKG000044,PPB000031,CUL000039,Paddy,PPC012,2026-09-02 12:00:00,20,9.79,COMPLETED
BKG000045,PPB000934,CUL001157,Groundnut,PPC040,2026-09-17 09:00:00,25,7.52,PROCESSING
BKG000046,PPB000750,CUL000931,Maize,PPC015,2026-09-23 16:00:00,17,6.98,WAITING
BKG000047,PPB000226,CUL000282,Cotton,PPC033,2026-09-22 09:00:00,138,15.69,PROCESSING
BKG000048,PPB000459,CUL000573,Paddy,PPC035,2026-09-16 12:00:00,3,29.94,PROCESSING
BKG000049,PPB000126,CUL000153,Paddy,PPC035,2026-09-02 12:00:00,79,18.35,PROCESSING
BKG000050,PPB000541,CUL000669,Maize,PPC033,2026-09-30 12:00:00,135,7.96,COMPLETED
BKG000051,PPB000768,CUL000954,Cotton,PPC021,2026-09-17 11:00:00,103,7.38,COMPLETED
BKG000052,PPB000112,CUL000137,Cotton,PPC026,2026-09-24 11:00:00,112,13.11,WAITING
BKG000053,PPB000616,CUL000763,Cotton,PPC008,2026-09-20 10:00:00,38,8.63,COMPLETED
BKG000054,PPB000988,CUL001224,Cotton,PPC003,2026-09-10 10:00:00,137,3.4,PROCESSING
BKG000055,PPB000870,CUL001080,Cotton,PPC033,2026-09-30 14:00:00,24,15.13,WAITING
BKG000056,PPB000288,CUL000362,Maize,PPC029,2026-09-05 16:00:00,72,14.49,COMPLETED
BKG000057,PPB000398,CUL000503,Paddy,PPC002,2026-09-24 15:00:00,1,18.49,WAITING
BKG000058,PPB000276,CUL000349,Maize,PPC048,2026-09-06 14:00:00,50,19.11,PROCESSING
BKG000059,PPB000054,CUL000067,Soybean,PPC007,2026-09-01 11:00:00,84,1.97,WAITING
BKG000060,PPB000778,CUL000965,Soybean,PPC034,2026-09-29 10:00:00,91,1.61,WAITING
BKG000061,PPB000969,CUL001204,Cotton,PPC040,2026-09-06 15:00:00,16,23.8,WAITING
BKG000062,PPB000914,CUL001134,Maize,PPC045,2026-09-14 10:00:00,112,4.65,COMPLETED
BKG000063,PPB000340,CUL000425,Paddy,PPC014,2026-09-07 16:00:00,105,65.74,COMPLETED
BKG000064,PPB000912,CUL001131,Cotton,PPC041,2026-10-01 14:00:00,46,4.12,COMPLETED
BKG000065,PPB000241,CUL000302,Maize,PPC016,2026-09-14 14:00:00,28,15.34,PROCESSING
BKG000066,PPB000506,CUL000627,Paddy,PPC030,2026-09-24 14:00:00,136,18.33,WAITING
BKG000067,PPB000548,CUL000677,Paddy,PPC049,2026-09-24 15:00:00,104,66.89,WAITING
BKG000068,PPB000791,CUL000979,Soybean,PPC007,2026-09-21 09:00:00,95,2.7,COMPLETED
BKG000069,PPB000048,CUL000061,Cotton,PPC005,2026-09-20 10:00:00,114,1.66,COMPLETED
BKG000070,PPB000946,CUL001172,Paddy,PPC033,2026-09-23 09:00:00,108,2.99,PROCESSING
BKG000071,PPB000410,CUL000516,Paddy,PPC032,2026-09-06 15:00:00,39,22.86,WAITING
BKG000072,PPB000365,CUL000460,Groundnut,PPC045,2026-10-01 16:00:00,137,3.49,COMPLETED
BKG000073,PPB000088,CUL000106,Cotton,PPC040,2026-09-28 11:00:00,36,16.25,WAITING
BKG000074,PPB000458,CUL000572,Paddy,PPC020,2026-09-20 14:00:00,88,25.0,WAITING
BKG000075,PPB000809,CUL001003,Cotton,PPC018,2026-09-22 12:00:00,114,4.27,WAITING
BKG000076,PPB000675,CUL000837,Maize,PPC038,2026-09-28 14:00:00,114,10.18,WAITING
BKG000077,PPB000938,CUL001161,Paddy,PPC010,2026-09-25 14:00:00,109,29.28,COMPLETED
BKG000078,PPB000993,CUL001230,Groundnut,PPC029,2026-09-19 14:00:00,125,0.88,COMPLETED
BKG000079,PPB000908,CUL001127,Groundnut,PPC044,2026-09-16 11:00:00,147,8.53,PROCESSING
BKG000080,PPB000819,CUL001016,Paddy,PPC005,2026-10-01 14:00:00,130,12.45,WAITING
BKG000081,PPB000154,CUL000185,Soybean,PPC030,2026-09-08 11:00:00,133,2.65,COMPLETED
BKG000082,PPB000224,CUL000280,Paddy,PPC047,2026-09-19 14:00:00,98,43.68,WAITING
BKG000083,PPB000349,CUL000437,Paddy,PPC035,2026-09-01 11:00:00,81,91.17,PROCESSING
BKG000084,PPB000239,CUL000300,Cotton,PPC021,2026-10-01 10:00:00,9,15.63,WAITING
BKG000085,PPB000590,CUL000731,Groundnut,PPC030,2026-09-02 12:00:00,75,6.14,COMPLETED
BKG000086,PPB000610,CUL000756,Soybean,PPC017,2026-09-12 14:00:00,57,5.43,WAITING
BKG000087,PPB000891,CUL001107,Maize,PPC043,2026-09-27 14:00:00,122,67.85,WAITING
BKG000088,PPB000424,CUL000533,Groundnut,PPC048,2026-09-04 14:00:00,107,5.03,PROCESSING
BKG000089,PPB000642,CUL000797,Soybean,PPC001,2026-09-02 09:00:00,12,8.12,WAITING
BKG000090,PPB000504,CUL000625,Groundnut,PPC049,2026-09-22 12:00:00,92,25.49,WAITING
BKG000091,PPB000649,CUL000804,Paddy,PPC007,2026-09-18 11:00:00,113,19.3,WAITING
BKG000092,PPB000363,CUL000457,Maize,PPC037,2026-09-02 14:00:00,5,33.96,COMPLETED
BKG000093,PPB000815,CUL001010,Paddy,PPC042,2026-09-26 09:00:00,29,5.2,WAITING
BKG000094,PPB000275,CUL000348,Soybean,PPC045,2026-09-04 09:00:00,70,8.11,WAITING
BKG000095,PPB000476,CUL000593,Paddy,PPC017,2026-09-05 14:00:00,101,7.73,WAITING
BKG000096,PPB000345,CUL000431,Maize,PPC022,2026-10-01 12:00:00,96,51.54,COMPLETED
BKG000097,PPB000217,CUL000271,Paddy,PPC025,2026-09-05 16:00:00,30,84.97,WAITING
BKG000098,PPB000603,CUL000749,Maize,PPC040,2026-09-20 12:00:00,36,21.11,COMPLETED
BKG000099,PPB000702,CUL000870,Soybean,PPC050,2026-09-06 10:00:00,32,23.63,WAITING
BKG000100,PPB000087,CUL000105,Cotton,PPC041,2026-09-21 15:00:00,113,5.75,PROCESSING
BKG000101,PPB000283,CUL000357,Paddy,PPC031,2026-09-29 12:00:00,139,11.46,PROCESSING
BKG000102,PPB000721,CUL000893,Maize,PPC021,2026-09-12 14:00:00,112,23.0,WAITING
BKG000103,PPB000497,CUL000618,Maize,PPC015,2026-09-18 10:00:00,2,4.62,PROCESSING
BKG000104,PPB000608,CUL000754,Soybean,PPC009,2026-09-10 11:00:00,56,34.24,PROCESSING
BKG000105,PPB000805,CUL000997,Maize,PPC012,2026-10-01 09:00:00,121,2.01,WAITING
BKG000106,PPB000425,CUL000534,Groundnut,PPC028,2026-09-25 11:00:00,89,6.48,WAITING
BKG000107,PPB000599,CUL000744,Groundnut,PPC021,2026-09-18 11:00:00,47,4.28,WAITING
BKG000108,PPB000427,CUL000536,Paddy,PPC023,2026-09-05 15:00:00,26,2.5,PROCESSING
BKG000109,PPB000935,CUL001158,Groundnut,PPC033,2026-09-11 12:00:00,22,2.31,PROCESSING
BKG000110,PPB000390,CUL000491,Groundnut,PPC022,2026-09-30 09:00:00,93,0.71,WAITING
BKG000111,PPB000621,CUL000770,Maize,PPC017,2026-09-15 12:00:00,69,47.54,PROCESSING
BKG000112,PPB000838,CUL001040,Soybean,PPC024,2026-09-21 10:00:00,37,1.77,PROCESSING
BKG000113,PPB000507,CUL000628,Soybean,PPC034,2026-09-24 15:00:00,29,2.02,PROCESSING
BKG000114,PPB000810,CUL001004,Groundnut,PPC038,2026-09-10 15:00:00,52,10.1,COMPLETED
BKG000115,PPB000987,CUL001223,Groundnut,PPC039,2026-09-07 09:00:00,60,2.72,PROCESSING
BKG000116,PPB000978,CUL001214,Cotton,PPC002,2026-09-08 10:00:00,136,14.69,WAITING
BKG000117,PPB000092,CUL000112,Paddy,PPC005,2026-09-23 10:00:00,134,4.95,WAITING
BKG000118,PPB000142,CUL000171,Paddy,PPC033,2026-09-16 14:00:00,143,24.02,WAITING
BKG000119,PPB000644,CUL000799,Cotton,PPC031,2026-09-18 12:00:00,3,13.54,WAITING
BKG000120,PPB000346,CUL000432,Soybean,PPC028,2026-09-06 11:00:00,81,25.7,WAITING
BKG000121,PPB000240,CUL000301,Soybean,PPC027,2026-09-11 16:00:00,84,18.63,WAITING
BKG000122,PPB000520,CUL000644,Soybean,PPC033,2026-09-02 09:00:00,92,19.08,WAITING
BKG000123,PPB000885,CUL001100,Maize,PPC013,2026-09-10 11:00:00,128,6.9,COMPLETED
BKG000124,PPB000836,CUL001038,Soybean,PPC025,2026-09-30 10:00:00,17,10.95,COMPLETED
BKG000125,PPB000545,CUL000673,Groundnut,PPC026,2026-09-05 14:00:00,97,18.49,PROCESSING
BKG000126,PPB000193,CUL000234,Soybean,PPC022,2026-09-02 14:00:00,10,6.92,WAITING
BKG000127,PPB000742,CUL000921,Maize,PPC037,2026-09-01 14:00:00,88,20.91,WAITING
BKG000128,PPB000446,CUL000559,Cotton,PPC019,2026-09-29 11:00:00,76,5.22,WAITING
BKG000129,PPB000436,CUL000546,Maize,PPC033,2026-09-25 14:00:00,118,27.52,PROCESSING
BKG000130,PPB000734,CUL000911,Cotton,PPC036,2026-09-30 11:00:00,85,4.54,COMPLETED
BKG000131,PPB000420,CUL000527,Paddy,PPC009,2026-10-01 14:00:00,14,27.33,WAITING
BKG000132,PPB000686,CUL000850,Maize,PPC030,2026-09-24 14:00:00,36,57.02,WAITING
BKG000133,PPB000932,CUL001154,Groundnut,PPC013,2026-09-21 14:00:00,21,2.63,COMPLETED
BKG000134,PPB000941,CUL001167,Maize,PPC022,2026-09-25 14:00:00,68,1.1,PROCESSING
BKG000135,PPB000211,CUL000263,Cotton,PPC018,2026-09-26 10:00:00,128,6.03,COMPLETED
BKG000136,PPB000080,CUL000097,Paddy,PPC007,2026-09-03 10:00:00,8,47.72,WAITING
BKG000137,PPB000501,CUL000622,Cotton,PPC035,2026-09-04 16:00:00,148,8.22,WAITING
BKG000138,PPB000860,CUL001068,Groundnut,PPC006,2026-09-09 11:00:00,6,10.6,WAITING
BKG000139,PPB000131,CUL000159,Paddy,PPC004,2026-09-12 11:00:00,144,11.08,WAITING
BKG000140,PPB000656,CUL000811,Paddy,PPC038,2026-09-07 10:00:00,23,187.2,PROCESSING
BKG000141,PPB000575,CUL000712,Paddy,PPC035,2026-09-25 09:00:00,4,29.03,COMPLETED
BKG000142,PPB000463,CUL000579,Maize,PPC044,2026-09-13 09:00:00,32,14.74,WAITING
BKG000143,PPB000971,CUL001206,Soybean,PPC042,2026-09-28 11:00:00,32,15.28,PROCESSING
BKG000144,PPB000194,CUL000236,Maize,PPC004,2026-09-23 14:00:00,137,2.38,PROCESSING
BKG000145,PPB000474,CUL000591,Paddy,PPC009,2026-09-10 10:00:00,53,12.75,COMPLETED
BKG000146,PPB000661,CUL000820,Groundnut,PPC022,2026-09-30 15:00:00,53,0.89,COMPLETED
BKG000147,PPB000683,CUL000846,Maize,PPC009,2026-09-30 12:00:00,56,28.14,WAITING
BKG000148,PPB000098,CUL000119,Maize,PPC039,2026-09-13 14:00:00,54,43.19,WAITING
BKG000149,PPB000202,CUL000248,Maize,PPC040,2026-09-02 15:00:00,86,5.49,WAITING
BKG000150,PPB000348,CUL000435,Cotton,PPC049,2026-09-27 12:00:00,94,7.74,WAITING
BKG000151,PPB000456,CUL000570,Cotton,PPC016,2026-09-03 15:00:00,99,6.36,PROCESSING
BKG000152,PPB000828,CUL001027,Groundnut,PPC032,2026-09-19 10:00:00,89,10.88,PROCESSING
BKG000153,PPB000427,CUL000537,Cotton,PPC026,2026-10-01 15:00:00,35,3.73,WAITING
BKG000154,PPB000723,CUL000896,Groundnut,PPC030,2026-09-01 16:00:00,140,8.7,WAITING
BKG000155,PPB000773,CUL000959,Maize,PPC042,2026-09-13 12:00:00,88,15.53,WAITING
BKG000156,PPB000441,CUL000552,Soybean,PPC006,2026-09-13 16:00:00,66,3.72,PROCESSING
BKG000157,PPB000530,CUL000656,Cotton,PPC007,2026-09-20 15:00:00,83,1.01,COMPLETED
BKG000158,PPB000173,CUL000207,Paddy,PPC041,2026-09-30 11:00:00,68,33.17,COMPLETED
BKG000159,PPB000183,CUL000221,Groundnut,PPC003,2026-09-07 15:00:00,35,33.93,WAITING
BKG000160,PPB000451,CUL000565,Groundnut,PPC001,2026-09-09 10:00:00,108,11.54,COMPLETED
BKG000161,PPB000687,CUL000851,Maize,PPC033,2026-09-28 09:00:00,67,8.06,PROCESSING
BKG000162,PPB000305,CUL000385,Groundnut,PPC034,2026-09-25 14:00:00,82,2.17,WAITING
BKG000163,PPB000036,CUL000046,Cotton,PPC003,2026-09-14 12:00:00,67,3.35,COMPLETED
BKG000164,PPB000496,CUL000617,Paddy,PPC033,2026-09-15 16:00:00,82,209.06,PROCESSING
BKG000165,PPB000670,CUL000831,Maize,PPC046,2026-09-08 16:00:00,138,4.16,PROCESSING
BKG000166,PPB000744,CUL000923,Groundnut,PPC032,2026-09-04 12:00:00,51,5.11,PROCESSING
BKG000167,PPB000270,CUL000342,Groundnut,PPC036,2026-09-04 16:00:00,99,11.16,WAITING
BKG000168,PPB000692,CUL000858,Groundnut,PPC050,2026-09-27 09:00:00,79,7.41,WAITING
BKG000169,PPB000444,CUL000557,Maize,PPC031,2026-09-15 15:00:00,132,10.13,PROCESSING
BKG000170,PPB000200,CUL000245,Cotton,PPC031,2026-09-15 09:00:00,25,4.53,PROCESSING
BKG000171,PPB000225,CUL000281,Maize,PPC041,2026-09-28 12:00:00,48,16.95,WAITING
BKG000172,PPB000137,CUL000165,Paddy,PPC017,2026-09-26 10:00:00,68,8.05,WAITING
BKG000173,PPB000430,CUL000540,Paddy,PPC009,2026-09-01 11:00:00,17,79.43,PROCESSING
BKG000174,PPB000391,CUL000492,Maize,PPC046,2026-09-09 09:00:00,41,19.56,WAITING
BKG000175,PPB000351,CUL000439,Cotton,PPC050,2026-09-08 16:00:00,16,12.72,WAITING
BKG000176,PPB000542,CUL000670,Maize,PPC020,2026-09-04 15:00:00,37,35.31,WAITING
BKG000177,PPB000587,CUL000727,Paddy,PPC030,2026-09-01 14:00:00,39,20.68,COMPLETED
BKG000178,PPB000146,CUL000176,Cotton,PPC037,2026-09-14 10:00:00,46,12.39,WAITING
BKG000179,PPB000864,CUL001073,Groundnut,PPC032,2026-09-27 11:00:00,48,2.41,WAITING
BKG000180,PPB000634,CUL000786,Maize,PPC045,2026-09-21 15:00:00,45,2.63,WAITING
BKG000181,PPB000422,CUL000530,Maize,PPC035,2026-09-27 14:00:00,10,3.57,WAITING
BKG000182,PPB000660,CUL000817,Groundnut,PPC028,2026-09-04 15:00:00,56,11.07,COMPLETED
BKG000183,PPB000182,CUL000220,Soybean,PPC035,2026-09-13 12:00:00,15,0.63,WAITING
BKG000184,PPB000638,CUL000792,Soybean,PPC016,2026-09-13 16:00:00,35,16.57,COMPLETED
BKG000185,PPB000328,CUL000411,Cotton,PPC035,2026-09-19 09:00:00,87,1.81,WAITING
BKG000186,PPB000494,CUL000614,Groundnut,PPC021,2026-09-01 09:00:00,127,6.15,WAITING
BKG000187,PPB000136,CUL000164,Soybean,PPC037,2026-10-01 09:00:00,119,27.48,WAITING
BKG000188,PPB000800,CUL000989,Maize,PPC049,2026-09-25 09:00:00,44,2.08,COMPLETED
BKG000189,PPB000028,CUL000033,Soybean,PPC048,2026-09-17 12:00:00,100,9.17,WAITING
BKG000190,PPB000626,CUL000776,Paddy,PPC008,2026-09-01 16:00:00,81,10.51,PROCESSING
BKG000191,PPB000438,CUL000548,Cotton,PPC008,2026-09-16 09:00:00,141,8.25,WAITING
BKG000192,PPB000199,CUL000243,Paddy,PPC030,2026-09-09 11:00:00,105,58.92,WAITING
BKG000193,PPB000667,CUL000827,Groundnut,PPC009,2026-09-06 11:00:00,24,1.82,WAITING
BKG000194,PPB000269,CUL000340,Cotton,PPC022,2026-09-06 10:00:00,22,0.69,PROCESSING
BKG000195,PPB000928,CUL001149,Cotton,PPC029,2026-09-26 16:00:00,47,4.51,COMPLETED
BKG000196,PPB000369,CUL000466,Paddy,PPC014,2026-09-22 10:00:00,91,15.46,COMPLETED
BKG000197,PPB000980,CUL001216,Cotton,PPC009,2026-09-16 12:00:00,120,4.3,WAITING
BKG000198,PPB000628,CUL000779,Groundnut,PPC002,2026-09-22 10:00:00,89,15.47,PROCESSING
BKG000199,PPB000599,CUL000743,Maize,PPC023,2026-09-04 12:00:00,34,18.39,WAITING
BKG000200,PPB000030,CUL000037,Groundnut,PPC035,2026-09-19 16:00:00,44,41.64,WAITING
BKG000201,PPB000268,CUL000338,Soybean,PPC026,2026-09-25 15:00:00,138,2.28,PROCESSING
BKG000202,PPB000005,CUL000007,Groundnut,PPC036,2026-09-14 16:00:00,33,3.8,COMPLETED
BKG000203,PPB000798,CUL000987,Cotton,PPC004,2026-09-30 09:00:00,80,12.15,PROCESSING
BKG000204,PPB000538,CUL000665,Groundnut,PPC033,2026-09-24 10:00:00,143,2.27,COMPLETED
BKG000205,PPB000786,CUL000973,Cotton,PPC037,2026-09-05 09:00:00,77,2.74,COMPLETED
BKG000206,PPB000565,CUL000698,Paddy,PPC047,2026-09-25 14:00:00,101,112.43,WAITING
BKG000207,PPB000998,CUL001237,Paddy,PPC018,2026-09-18 11:00:00,70,43.42,COMPLETED
BKG000208,PPB000703,CUL000871,Paddy,PPC003,2026-09-17 10:00:00,58,36.52,WAITING
BKG000209,PPB000339,CUL000424,Paddy,PPC028,2026-09-06 10:00:00,44,4.86,WAITING
BKG000210,PPB000547,CUL000676,Maize,PPC048,2026-09-05 16:00:00,92,6.26,WAITING
BKG000211,PPB000516,CUL000640,Paddy,PPC014,2026-09-25 10:00:00,16,0.53,WAITING
BKG000212,PPB000638,CUL000791,Paddy,PPC019,2026-09-24 15:00:00,117,15.87,COMPLETED
BKG000213,PPB000591,CUL000732,Cotton,PPC001,2026-09-01 14:00:00,99,6.21,WAITING
BKG000214,PPB000322,CUL000405,Cotton,PPC030,2026-09-24 16:00:00,12,2.7,COMPLETED
BKG000215,PPB000537,CUL000664,Maize,PPC047,2026-09-11 11:00:00,141,0.64,WAITING
BKG000216,PPB000718,CUL000888,Groundnut,PPC017,2026-09-13 10:00:00,13,7.12,WAITING
BKG000217,PPB000826,CUL001024,Groundnut,PPC016,2026-09-14 09:00:00,63,17.19,WAITING
BKG000218,PPB000797,CUL000986,Cotton,PPC007,2026-09-17 09:00:00,24,0.66,PROCESSING
BKG000219,PPB000267,CUL000336,Groundnut,PPC022,2026-09-17 10:00:00,39,3.72,PROCESSING
BKG000220,PPB000708,CUL000876,Maize,PPC043,2026-09-01 09:00:00,53,12.98,PROCESSING
BKG000221,PPB000487,CUL000607,Maize,PPC018,2026-09-14 12:00:00,115,13.02,WAITING
BKG000222,PPB000362,CUL000455,Cotton,PPC037,2026-09-20 14:00:00,73,2.67,PROCESSING
BKG000223,PPB000521,CUL000645,Soybean,PPC028,2026-09-15 10:00:00,25,35.22,WAITING
BKG000224,PPB000776,CUL000962,Paddy,PPC047,2026-09-01 16:00:00,139,56.56,WAITING
BKG000225,PPB000792,CUL000980,Cotton,PPC050,2026-09-10 09:00:00,101,5.84,WAITING
BKG000226,PPB000902,CUL001120,Groundnut,PPC005,2026-09-16 11:00:00,35,8.73,PROCESSING
BKG000227,PPB000596,CUL000739,Groundnut,PPC023,2026-09-21 10:00:00,80,2.91,COMPLETED
BKG000228,PPB000878,CUL001090,Groundnut,PPC002,2026-09-01 11:00:00,41,13.41,WAITING
BKG000229,PPB000352,CUL000440,Maize,PPC008,2026-09-22 12:00:00,46,2.19,WAITING
BKG000230,PPB000874,CUL001086,Maize,PPC002,2026-09-10 15:00:00,30,34.35,COMPLETED
BKG000231,PPB000973,CUL001208,Paddy,PPC015,2026-09-02 11:00:00,105,45.35,COMPLETED
BKG000232,PPB000597,CUL000741,Cotton,PPC006,2026-09-24 15:00:00,52,2.55,WAITING
BKG000233,PPB000546,CUL000675,Groundnut,PPC006,2026-09-05 09:00:00,137,0.84,PROCESSING
BKG000234,PPB000431,CUL000541,Cotton,PPC048,2026-09-14 12:00:00,58,0.96,PROCESSING
BKG000235,PPB000067,CUL000083,Paddy,PPC047,2026-09-02 11:00:00,37,33.38,WAITING
BKG000236,PPB000388,CUL000488,Groundnut,PPC015,2026-09-28 15:00:00,99,8.9,PROCESSING
BKG000237,PPB000861,CUL001069,Paddy,PPC024,2026-09-16 15:00:00,80,52.5,WAITING
BKG000238,PPB000393,CUL000494,Soybean,PPC017,2026-09-08 11:00:00,22,4.85,COMPLETED
BKG000239,PPB000461,CUL000576,Maize,PPC035,2026-09-06 10:00:00,26,35.03,PROCESSING
BKG000240,PPB000089,CUL000108,Maize,PPC012,2026-09-13 12:00:00,131,17.14,WAITING
BKG000241,PPB000061,CUL000075,Paddy,PPC046,2026-09-26 12:00:00,103,70.32,PROCESSING
BKG000242,PPB000784,CUL000971,Paddy,PPC040,2026-09-29 12:00:00,140,13.38,COMPLETED
BKG000243,PPB000187,CUL000227,Soybean,PPC018,2026-09-26 14:00:00,122,3.58,PROCESSING
BKG000244,PPB000885,CUL001099,Paddy,PPC043,2026-09-06 14:00:00,54,25.77,WAITING
BKG000245,PPB000761,CUL000946,Cotton,PPC027,2026-09-30 09:00:00,129,0.6,PROCESSING
BKG000246,PPB000390,CUL000490,Groundnut,PPC010,2026-09-05 10:00:00,70,19.48,PROCESSING
BKG000247,PPB000213,CUL000265,Paddy,PPC047,2026-09-14 15:00:00,141,1.84,COMPLETED
BKG000248,PPB000156,CUL000188,Maize,PPC028,2026-09-27 11:00:00,42,27.79,PROCESSING
BKG000249,PPB000443,CUL000556,Cotton,PPC012,2026-09-01 12:00:00,73,2.98,PROCESSING
BKG000250,PPB000954,CUL001183,Paddy,PPC035,2026-09-18 09:00:00,119,96.25,WAITING
BKG000251,PPB000757,CUL000940,Paddy,PPC015,2026-09-11 15:00:00,129,14.12,PROCESSING
BKG000252,PPB000586,CUL000726,Groundnut,PPC027,2026-09-18 09:00:00,104,4.81,COMPLETED
BKG000253,PPB000780,CUL000967,Groundnut,PPC002,2026-09-12 16:00:00,26,11.22,WAITING
BKG000254,PPB000317,CUL000399,Groundnut,PPC043,2026-09-24 11:00:00,48,3.06,WAITING
BKG000255,PPB000897,CUL001114,Soybean,PPC040,2026-09-24 14:00:00,2,1.98,COMPLETED
BKG000256,PPB000077,CUL000094,Groundnut,PPC046,2026-09-24 15:00:00,14,2.4,COMPLETED
BKG000257,PPB000920,CUL001141,Paddy,PPC038,2026-09-20 14:00:00,21,26.61,WAITING
BKG000258,PPB000450,CUL000564,Groundnut,PPC001,2026-09-07 11:00:00,30,0.88,COMPLETED
BKG000259,PPB000289,CUL000363,Maize,PPC038,2026-09-27 12:00:00,12,142.25,COMPLETED
BKG000260,PPB000386,CUL000486,Paddy,PPC010,2026-09-25 11:00:00,130,97.59,WAITING
BKG000261,PPB000295,CUL000373,Paddy,PPC042,2026-09-10 16:00:00,135,2.4,COMPLETED
BKG000262,PPB000234,CUL000295,Groundnut,PPC001,2026-09-21 09:00:00,53,6.73,WAITING
BKG000263,PPB000001,CUL000002,Paddy,PPC022,2026-09-17 10:00:00,6,5.31,WAITING
BKG000264,PPB000148,CUL000179,Paddy,PPC036,2026-09-17 15:00:00,134,13.47,COMPLETED
BKG000265,PPB000710,CUL000879,Groundnut,PPC030,2026-09-20 16:00:00,59,2.28,WAITING
BKG000266,PPB000801,CUL000990,Groundnut,PPC027,2026-09-04 12:00:00,142,2.32,WAITING
BKG000267,PPB000688,CUL000852,Groundnut,PPC010,2026-09-05 10:00:00,65,11.2,COMPLETED
BKG000268,PPB000144,CUL000174,Groundnut,PPC008,2026-09-18 10:00:00,87,10.06,COMPLETED
BKG000269,PPB000630,CUL000781,Paddy,PPC036,2026-09-28 09:00:00,47,32.79,WAITING
BKG000270,PPB000287,CUL000361,Groundnut,PPC044,2026-09-24 15:00:00,91,42.3,PROCESSING
BKG000271,PPB000637,CUL000790,Groundnut,PPC033,2026-09-02 09:00:00,66,21.85,WAITING
BKG000272,PPB000106,CUL000131,Cotton,PPC050,2026-09-05 10:00:00,48,3.79,COMPLETED
BKG000273,PPB000395,CUL000497,Paddy,PPC025,2026-09-20 15:00:00,142,63.94,COMPLETED
BKG000274,PPB000486,CUL000606,Soybean,PPC017,2026-09-13 15:00:00,6,36.3,COMPLETED
BKG000275,PPB000481,CUL000600,Soybean,PPC044,2026-09-22 11:00:00,112,18.82,WAITING
BKG000276,PPB000423,CUL000531,Maize,PPC010,2026-09-03 11:00:00,30,11.64,WAITING
BKG000277,PPB000130,CUL000158,Paddy,PPC010,2026-09-13 09:00:00,123,74.1,WAITING
BKG000278,PPB000903,CUL001121,Paddy,PPC042,2026-09-17 16:00:00,41,2.61,PROCESSING
BKG000279,PPB000963,CUL001196,Groundnut,PPC045,2026-09-24 15:00:00,138,10.7,WAITING
BKG000280,PPB000141,CUL000169,Cotton,PPC019,2026-09-17 09:00:00,7,2.1,WAITING
BKG000281,PPB000073,CUL000089,Maize,PPC048,2026-09-14 14:00:00,4,155.66,WAITING
BKG000282,PPB000522,CUL000646,Paddy,PPC003,2026-09-05 09:00:00,19,93.15,PROCESSING
BKG000283,PPB000807,CUL001000,Paddy,PPC024,2026-09-25 16:00:00,75,36.48,COMPLETED
BKG000284,PPB000184,CUL000223,Cotton,PPC016,2026-09-08 15:00:00,60,14.58,PROCESSING
BKG000285,PPB000103,CUL000127,Soybean,PPC006,2026-09-01 11:00:00,31,5.87,WAITING
BKG000286,PPB000472,CUL000588,Paddy,PPC027,2026-09-09 16:00:00,126,37.43,WAITING
BKG000287,PPB000192,CUL000233,Paddy,PPC008,2026-09-11 12:00:00,142,30.49,WAITING
BKG000288,PPB000562,CUL000695,Maize,PPC049,2026-09-30 16:00:00,36,5.29,WAITING
BKG000289,PPB000981,CUL001217,Groundnut,PPC022,2026-09-26 09:00:00,60,18.82,WAITING
BKG000290,PPB000884,CUL001098,Groundnut,PPC032,2026-09-17 09:00:00,93,28.78,PROCESSING
BKG000291,PPB000963,CUL001197,Maize,PPC041,2026-09-02 16:00:00,42,2.22,COMPLETED
BKG000292,PPB000263,CUL000328,Soybean,PPC019,2026-09-26 11:00:00,95,0.81,COMPLETED
BKG000293,PPB000159,CUL000191,Maize,PPC030,2026-09-15 10:00:00,92,14.47,WAITING
BKG000294,PPB000055,CUL000068,Cotton,PPC030,2026-09-07 09:00:00,32,4.91,COMPLETED
BKG000295,PPB000107,CUL000132,Groundnut,PPC017,2026-09-25 15:00:00,137,28.39,COMPLETED
BKG000296,PPB000394,CUL000496,Maize,PPC004,2026-09-07 09:00:00,82,21.96,COMPLETED
BKG000297,PPB000128,CUL000156,Cotton,PPC034,2026-09-01 16:00:00,114,5.76,WAITING
BKG000298,PPB000498,CUL000619,Maize,PPC020,2026-09-17 16:00:00,118,19.28,PROCESSING
BKG000299,PPB000037,CUL000047,Soybean,PPC037,2026-09-06 11:00:00,101,0.95,PROCESSING
BKG000300,PPB000424,CUL000532,Groundnut,PPC029,2026-09-06 14:00:00,12,7.39,PROCESSING
BKG000301,PPB000266,CUL000334,Maize,PPC017,2026-09-05 09:00:00,97,4.76,COMPLETED
BKG000302,PPB000052,CUL000065,Paddy,PPC046,2026-09-07 11:00:00,141,93.7,WAITING
BKG000303,PPB000440,CUL000550,Groundnut,PPC045,2026-09-05 11:00:00,56,20.29,WAITING
BKG000304,PPB000358,CUL000450,Cotton,PPC031,2026-09-20 09:00:00,8,2.46,COMPLETED
BKG000305,PPB000740,CUL000919,Paddy,PPC034,2026-09-13 14:00:00,46,25.39,WAITING
BKG000306,PPB000038,CUL000048,Paddy,PPC050,2026-09-08 11:00:00,89,96.28,WAITING
BKG000307,PPB000094,CUL000115,Maize,PPC027,2026-09-24 09:00:00,116,4.21,PROCESSING
BKG000308,PPB000002,CUL000004,Soybean,PPC050,2026-09-01 11:00:00,83,3.28,WAITING
BKG000309,PPB000381,CUL000480,Cotton,PPC048,2026-09-16 14:00:00,128,1.52,COMPLETED
BKG000310,PPB000167,CUL000200,Soybean,PPC011,2026-09-14 16:00:00,8,2.88,WAITING
BKG000311,PPB000834,CUL001034,Soybean,PPC012,2026-09-16 10:00:00,34,4.82,COMPLETED
BKG000312,PPB000909,CUL001128,Maize,PPC012,2026-09-02 15:00:00,45,87.54,WAITING
BKG000313,PPB000352,CUL000441,Cotton,PPC049,2026-09-03 16:00:00,95,0.61,COMPLETED
BKG000314,PPB000999,CUL001238,Cotton,PPC008,2026-10-01 12:00:00,109,14.5,WAITING
BKG000315,PPB000376,CUL000474,Cotton,PPC035,2026-09-12 09:00:00,69,5.69,PROCESSING
BKG000316,PPB000362,CUL000456,Maize,PPC015,2026-09-02 11:00:00,27,87.92,WAITING
BKG000317,PPB000188,CUL000228,Groundnut,PPC001,2026-09-07 14:00:00,48,61.52,WAITING
BKG000318,PPB000845,CUL001050,Soybean,PPC037,2026-09-26 14:00:00,25,42.34,WAITING
BKG000319,PPB000639,CUL000794,Paddy,PPC026,2026-09-09 12:00:00,16,25.61,WAITING
BKG000320,PPB000022,CUL000026,Cotton,PPC005,2026-09-15 12:00:00,56,9.85,WAITING
BKG000321,PPB000166,CUL000199,Soybean,PPC029,2026-09-29 16:00:00,88,15.23,WAITING
BKG000322,PPB000040,CUL000050,Cotton,PPC014,2026-09-06 12:00:00,47,2.26,COMPLETED
BKG000323,PPB000406,CUL000511,Groundnut,PPC025,2026-09-19 10:00:00,113,7.54,WAITING
BKG000324,PPB000213,CUL000266,Cotton,PPC028,2026-09-08 14:00:00,139,38.55,WAITING
BKG000325,PPB000354,CUL000444,Paddy,PPC021,2026-09-09 09:00:00,90,18.07,WAITING
BKG000326,PPB000150,CUL000181,Maize,PPC039,2026-09-08 15:00:00,33,4.52,WAITING
BKG000327,PPB000229,CUL000287,Maize,PPC049,2026-09-16 10:00:00,41,42.98,WAITING
BKG000328,PPB000177,CUL000215,Maize,PPC042,2026-09-02 11:00:00,16,6.74,COMPLETED
BKG000329,PPB000261,CUL000326,Paddy,PPC029,2026-09-13 15:00:00,44,160.32,PROCESSING
BKG000330,PPB000605,CUL000751,Paddy,PPC036,2026-09-21 11:00:00,53,65.89,PROCESSING
BKG000331,PPB000941,CUL001166,Maize,PPC048,2026-09-21 14:00:00,6,4.25,PROCESSING
BKG000332,PPB000078,CUL000095,Groundnut,PPC033,2026-09-28 14:00:00,78,14.54,COMPLETED
BKG000333,PPB000449,CUL000563,Groundnut,PPC024,2026-09-25 12:00:00,44,21.04,WAITING
BKG000334,PPB000102,CUL000125,Groundnut,PPC020,2026-09-29 16:00:00,9,27.85,WAITING
BKG000335,PPB000535,CUL000662,Paddy,PPC037,2026-09-30 09:00:00,45,9.03,WAITING
BKG000336,PPB000026,CUL000031,Maize,PPC016,2026-09-07 10:00:00,43,115.37,WAITING
BKG000337,PPB000089,CUL000107,Cotton,PPC010,2026-09-26 11:00:00,89,1.7,PROCESSING
BKG000338,PPB000663,CUL000822,Paddy,PPC046,2026-09-22 09:00:00,104,9.07,WAITING
BKG000339,PPB000339,CUL000423,Paddy,PPC014,2026-09-20 10:00:00,50,66.73,WAITING
BKG000340,PPB000368,CUL000464,Groundnut,PPC026,2026-09-30 10:00:00,34,29.82,COMPLETED
BKG000341,PPB000873,CUL001085,Paddy,PPC048,2026-09-18 15:00:00,32,102.06,WAITING
BKG000342,PPB000246,CUL000309,Groundnut,PPC006,2026-09-06 14:00:00,114,8.62,WAITING
BKG000343,PPB000098,CUL000120,Cotton,PPC026,2026-09-11 16:00:00,15,20.4,WAITING
BKG000344,PPB000168,CUL000201,Paddy,PPC005,2026-09-16 12:00:00,96,10.65,PROCESSING
BKG000345,PPB000479,CUL000598,Groundnut,PPC001,2026-09-13 10:00:00,24,2.76,PROCESSING
BKG000346,PPB000540,CUL000667,Paddy,PPC007,2026-09-19 10:00:00,102,13.62,WAITING
BKG000347,PPB000218,CUL000272,Cotton,PPC015,2026-09-04 12:00:00,60,1.12,PROCESSING
BKG000348,PPB000554,CUL000684,Groundnut,PPC028,2026-09-28 11:00:00,82,6.67,COMPLETED
BKG000349,PPB000676,CUL000838,Maize,PPC007,2026-09-29 10:00:00,109,36.22,WAITING
BKG000350,PPB000707,CUL000875,Paddy,PPC015,2026-09-01 09:00:00,137,11.0,WAITING
BKG000351,PPB000155,CUL000186,Groundnut,PPC009,2026-09-09 09:00:00,43,16.97,WAITING
BKG000352,PPB000483,CUL000603,Groundnut,PPC022,2026-09-12 09:00:00,25,13.82,PROCESSING
BKG000353,PPB000970,CUL001205,Groundnut,PPC050,2026-09-05 09:00:00,77,8.69,WAITING
BKG000354,PPB000769,CUL000955,Paddy,PPC038,2026-09-15 15:00:00,67,60.95,WAITING
BKG000355,PPB000626,CUL000777,Cotton,PPC009,2026-09-12 15:00:00,34,2.93,PROCESSING
BKG000356,PPB000911,CUL001130,Maize,PPC044,2026-09-11 15:00:00,47,15.67,WAITING
BKG000357,PPB000715,CUL000885,Maize,PPC031,2026-09-16 09:00:00,127,75.07,COMPLETED
BKG000358,PPB000324,CUL000407,Cotton,PPC013,2026-10-01 10:00:00,44,10.83,WAITING
BKG000359,PPB000310,CUL000391,Cotton,PPC023,2026-09-28 14:00:00,43,4.71,WAITING
BKG000360,PPB000474,CUL000590,Soybean,PPC035,2026-09-22 11:00:00,71,3.04,COMPLETED
BKG000361,PPB000265,CUL000331,Maize,PPC023,2026-09-24 14:00:00,139,11.59,WAITING
BKG000362,PPB000491,CUL000611,Soybean,PPC046,2026-09-26 12:00:00,104,3.58,WAITING
BKG000363,PPB000277,CUL000350,Groundnut,PPC009,2026-09-22 14:00:00,93,12.57,WAITING
BKG000364,PPB000074,CUL000090,Paddy,PPC050,2026-09-21 16:00:00,96,18.74,PROCESSING
BKG000365,PPB000890,CUL001106,Soybean,PPC011,2026-09-06 10:00:00,3,3.01,PROCESSING
BKG000366,PPB000471,CUL000587,Maize,PPC043,2026-09-30 15:00:00,44,16.11,COMPLETED
BKG000367,PPB000786,CUL000974,Groundnut,PPC036,2026-09-14 10:00:00,47,3.88,PROCESSING
BKG000368,PPB000927,CUL001148,Paddy,PPC037,2026-09-19 10:00:00,4,7.92,WAITING
BKG000369,PPB000881,CUL001094,Paddy,PPC045,2026-09-15 09:00:00,105,5.83,WAITING
BKG000370,PPB000753,CUL000934,Maize,PPC022,2026-09-27 16:00:00,149,0.5,WAITING
BKG000371,PPB000105,CUL000130,Soybean,PPC012,2026-09-03 12:00:00,11,15.7,PROCESSING
BKG000372,PPB000633,CUL000785,Groundnut,PPC035,2026-09-20 10:00:00,42,10.06,WAITING
BKG000373,PPB000314,CUL000396,Maize,PPC006,2026-09-03 14:00:00,98,41.56,WAITING
BKG000374,PPB000384,CUL000484,Maize,PPC034,2026-09-05 12:00:00,10,22.69,COMPLETED
BKG000375,PPB000730,CUL000906,Groundnut,PPC026,2026-09-04 15:00:00,15,3.61,COMPLETED
BKG000376,PPB000301,CUL000380,Soybean,PPC009,2026-09-13 11:00:00,135,36.36,WAITING
BKG000377,PPB000356,CUL000448,Maize,PPC037,2026-09-11 10:00:00,45,1.3,COMPLETED
BKG000378,PPB000294,CUL000370,Groundnut,PPC029,2026-09-27 12:00:00,58,27.92,WAITING
BKG000379,PPB000597,CUL000740,Maize,PPC042,2026-09-30 16:00:00,73,3.07,PROCESSING
BKG000380,PPB000659,CUL000816,Paddy,PPC013,2026-09-23 09:00:00,90,30.34,COMPLETED
BKG000381,PPB000956,CUL001187,Paddy,PPC019,2026-09-04 15:00:00,118,83.66,WAITING
BKG000382,PPB000329,CUL000412,Maize,PPC025,2026-09-17 11:00:00,108,12.57,COMPLETED
BKG000383,PPB000269,CUL000339,Cotton,PPC014,2026-09-26 11:00:00,47,8.35,PROCESSING
BKG000384,PPB000221,CUL000276,Maize,PPC005,2026-09-16 11:00:00,26,34.54,PROCESSING
BKG000385,PPB000561,CUL000692,Paddy,PPC006,2026-09-27 16:00:00,145,5.64,COMPLETED
BKG000386,PPB000318,CUL000400,Groundnut,PPC003,2026-09-29 10:00:00,144,8.14,PROCESSING
BKG000387,PPB000380,CUL000479,Maize,PPC050,2026-09-09 09:00:00,44,20.29,COMPLETED
BKG000388,PPB000219,CUL000274,Groundnut,PPC050,2026-09-11 16:00:00,129,2.3,WAITING
BKG000389,PPB000595,CUL000737,Groundnut,PPC029,2026-09-19 16:00:00,43,3.07,WAITING
BKG000390,PPB000939,CUL001163,Groundnut,PPC050,2026-09-18 11:00:00,97,14.85,WAITING
BKG000391,PPB000755,CUL000936,Paddy,PPC003,2026-09-09 15:00:00,45,9.58,COMPLETED
BKG000392,PPB000432,CUL000542,Paddy,PPC018,2026-09-03 15:00:00,1,100.66,WAITING
BKG000393,PPB000940,CUL001165,Maize,PPC022,2026-09-21 11:00:00,69,20.57,COMPLETED
BKG000394,PPB000065,CUL000081,Paddy,PPC016,2026-09-11 16:00:00,9,72.86,WAITING
BKG000395,PPB000201,CUL000247,Soybean,PPC017,2026-09-22 12:00:00,79,15.49,WAITING
BKG000396,PPB000571,CUL000707,Paddy,PPC041,2026-09-14 15:00:00,76,172.0,WAITING
BKG000397,PPB000759,CUL000944,Soybean,PPC034,2026-09-09 11:00:00,118,9.96,WAITING
BKG000398,PPB000204,CUL000252,Paddy,PPC006,2026-09-18 16:00:00,90,46.09,COMPLETED
BKG000399,PPB000760,CUL000945,Maize,PPC027,2026-09-28 12:00:00,100,6.36,WAITING
BKG000400,PPB000435,CUL000545,Soybean,PPC005,2026-09-12 15:00:00,23,15.88,PROCESSING
BKG000401,PPB000296,CUL000374,Paddy,PPC048,2026-09-20 14:00:00,16,51.34,WAITING
BKG000402,PPB000553,CUL000683,Paddy,PPC045,2026-09-06 14:00:00,3,35.31,WAITING
BKG000403,PPB000297,CUL000375,Cotton,PPC045,2026-09-15 15:00:00,6,3.27,COMPLETED
BKG000404,PPB000827,CUL001025,Paddy,PPC024,2026-09-14 16:00:00,9,105.18,COMPLETED
BKG000405,PPB000748,CUL000928,Groundnut,PPC015,2026-09-23 10:00:00,69,53.79,COMPLETED
BKG000406,PPB000230,CUL000289,Soybean,PPC016,2026-09-07 09:00:00,124,3.11,COMPLETED
BKG000407,PPB000844,CUL001049,Groundnut,PPC002,2026-09-27 12:00:00,31,12.71,COMPLETED
BKG000408,PPB000460,CUL000574,Paddy,PPC031,2026-09-30 14:00:00,21,22.55,PROCESSING
BKG000409,PPB000186,CUL000226,Soybean,PPC033,2026-09-14 11:00:00,129,8.44,WAITING
BKG000410,PPB000775,CUL000961,Maize,PPC003,2026-09-13 12:00:00,147,72.75,WAITING
BKG000411,PPB000310,CUL000390,Groundnut,PPC044,2026-09-27 10:00:00,103,5.34,COMPLETED
BKG000412,PPB000739,CUL000917,Maize,PPC041,2026-09-11 16:00:00,78,47.0,WAITING
BKG000413,PPB000588,CUL000729,Cotton,PPC042,2026-09-28 14:00:00,20,0.81,COMPLETED
BKG000414,PPB000854,CUL001062,Paddy,PPC029,2026-09-01 12:00:00,53,16.85,COMPLETED
BKG000415,PPB000125,CUL000152,Soybean,PPC037,2026-09-30 15:00:00,122,11.3,WAITING
BKG000416,PPB000511,CUL000633,Cotton,PPC010,2026-09-14 15:00:00,53,0.95,PROCESSING
BKG000417,PPB000489,CUL000609,Groundnut,PPC048,2026-09-30 09:00:00,79,1.35,COMPLETED
BKG000418,PPB000400,CUL000505,Groundnut,PPC038,2026-09-10 10:00:00,53,9.01,WAITING
BKG000419,PPB000527,CUL000652,Cotton,PPC041,2026-09-20 15:00:00,29,3.83,WAITING
BKG000420,PPB000419,CUL000526,Maize,PPC037,2026-09-20 12:00:00,7,4.61,COMPLETED
BKG000421,PPB000421,CUL000528,Groundnut,PPC005,2026-09-20 11:00:00,49,7.23,COMPLETED
BKG000422,PPB000839,CUL001041,Paddy,PPC039,2026-09-17 10:00:00,60,36.41,PROCESSING
BKG000423,PPB000915,CUL001136,Soybean,PPC016,2026-09-26 09:00:00,20,4.88,WAITING
BKG000424,PPB000559,CUL000690,Paddy,PPC008,2026-09-14 12:00:00,99,57.99,WAITING
BKG000425,PPB000219,CUL000273,Paddy,PPC018,2026-09-22 10:00:00,88,13.67,WAITING
BKG000426,PPB000851,CUL001058,Soybean,PPC017,2026-09-29 16:00:00,131,11.14,WAITING
BKG000427,PPB000278,CUL000352,Maize,PPC029,2026-09-25 09:00:00,122,0.52,WAITING
BKG000428,PPB000115,CUL000141,Groundnut,PPC003,2026-09-15 09:00:00,8,11.02,WAITING
BKG000429,PPB000777,CUL000963,Soybean,PPC010,2026-09-17 10:00:00,141,1.42,COMPLETED
BKG000430,PPB000841,CUL001044,Soybean,PPC034,2026-09-11 16:00:00,5,3.57,WAITING
BKG000431,PPB000124,CUL000151,Cotton,PPC033,2026-09-22 14:00:00,145,1.73,PROCESSING
BKG000432,PPB000075,CUL000091,Paddy,PPC006,2026-09-03 12:00:00,109,18.57,WAITING
BKG000433,PPB000690,CUL000855,Paddy,PPC011,2026-09-26 12:00:00,101,100.06,COMPLETED
BKG000434,PPB000369,CUL000465,Cotton,PPC049,2026-09-26 10:00:00,50,0.6,COMPLETED
BKG000435,PPB000143,CUL000172,Paddy,PPC014,2026-09-11 16:00:00,48,4.42,COMPLETED
BKG000436,PPB000306,CUL000386,Soybean,PPC034,2026-09-22 16:00:00,2,16.42,COMPLETED
BKG000437,PPB000939,CUL001162,Maize,PPC043,2026-09-05 11:00:00,96,71.88,WAITING
BKG000438,PPB000341,CUL000427,Paddy,PPC038,2026-09-03 10:00:00,118,32.54,WAITING
BKG000439,PPB000763,CUL000948,Paddy,PPC012,2026-09-18 11:00:00,104,7.75,COMPLETED
BKG000440,PPB000895,CUL001111,Maize,PPC029,2026-09-01 10:00:00,63,15.19,PROCESSING
BKG000441,PPB000636,CUL000789,Soybean,PPC049,2026-09-29 15:00:00,11,7.08,PROCESSING
BKG000442,PPB000499,CUL000620,Groundnut,PPC045,2026-09-25 12:00:00,129,8.39,PROCESSING
BKG000443,PPB000567,CUL000702,Soybean,PPC050,2026-10-01 11:00:00,63,12.8,WAITING
BKG000444,PPB000820,CUL001017,Paddy,PPC018,2026-09-27 14:00:00,31,23.19,WAITING
BKG000445,PPB000319,CUL000401,Paddy,PPC037,2026-09-15 12:00:00,133,9.52,WAITING
BKG000446,PPB000353,CUL000442,Maize,PPC046,2026-09-13 12:00:00,51,4.1,WAITING
BKG000447,PPB000989,CUL001225,Groundnut,PPC026,2026-09-26 12:00:00,73,1.13,COMPLETED
BKG000448,PPB000648,CUL000803,Groundnut,PPC037,2026-09-27 12:00:00,35,6.05,WAITING
BKG000449,PPB000643,CUL000798,Cotton,PPC034,2026-09-13 10:00:00,106,1.14,WAITING
BKG000450,PPB000948,CUL001177,Groundnut,PPC005,2026-10-01 12:00:00,46,4.23,COMPLETED
BKG000451,PPB000806,CUL000999,Soybean,PPC038,2026-09-30 14:00:00,141,1.58,WAITING
BKG000452,PPB000665,CUL000824,Cotton,PPC048,2026-09-16 16:00:00,143,43.92,COMPLETED
BKG000453,PPB000418,CUL000525,Paddy,PPC029,2026-09-20 10:00:00,112,32.31,PROCESSING
BKG000454,PPB000071,CUL000087,Soybean,PPC017,2026-09-17 10:00:00,134,1.66,WAITING
BKG000455,PPB000129,CUL000157,Cotton,PPC016,2026-09-04 11:00:00,136,7.68,WAITING
BKG000456,PPB000785,CUL000972,Soybean,PPC001,2026-09-29 09:00:00,77,1.05,PROCESSING
BKG000457,PPB000835,CUL001035,Maize,PPC010,2026-09-27 14:00:00,79,135.51,WAITING
BKG000458,PPB000321,CUL000403,Maize,PPC037,2026-09-03 10:00:00,31,75.12,PROCESSING
BKG000459,PPB000696,CUL000862,Cotton,PPC041,2026-09-27 14:00:00,34,8.7,COMPLETED
BKG000460,PPB000731,CUL000907,Cotton,PPC043,2026-09-13 11:00:00,35,37.64,WAITING
BKG000461,PPB000849,CUL001055,Maize,PPC022,2026-09-20 15:00:00,15,125.34,WAITING
BKG000462,PPB000046,CUL000058,Maize,PPC002,2026-09-19 12:00:00,110,156.17,COMPLETED
BKG000463,PPB000012,CUL000015,Groundnut,PPC040,2026-09-13 10:00:00,95,11.36,WAITING
BKG000464,PPB000396,CUL000499,Cotton,PPC001,2026-09-03 12:00:00,63,3.03,PROCESSING
BKG000465,PPB000854,CUL001061,Paddy,PPC027,2026-09-04 14:00:00,147,43.04,COMPLETED
BKG000466,PPB000173,CUL000208,Cotton,PPC010,2026-09-25 16:00:00,2,2.92,PROCESSING
BKG000467,PPB000719,CUL000890,Soybean,PPC020,2026-09-16 11:00:00,42,2.04,WAITING
BKG000468,PPB000662,CUL000821,Paddy,PPC005,2026-09-22 10:00:00,81,58.67,COMPLETED
BKG000469,PPB000068,CUL000084,Maize,PPC004,2026-09-16 12:00:00,51,4.39,COMPLETED
BKG000470,PPB000139,CUL000167,Maize,PPC023,2026-09-02 10:00:00,23,53.88,COMPLETED
BKG000471,PPB000056,CUL000069,Groundnut,PPC048,2026-09-27 14:00:00,51,36.36,WAITING
BKG000472,PPB000865,CUL001074,Soybean,PPC030,2026-09-02 10:00:00,48,7.94,PROCESSING
BKG000473,PPB000678,CUL000841,Cotton,PPC020,2026-09-09 16:00:00,74,19.14,COMPLETED
BKG000474,PPB000614,CUL000760,Paddy,PPC002,2026-09-15 15:00:00,33,26.54,COMPLETED
BKG000475,PPB000205,CUL000254,Cotton,PPC001,2026-09-23 16:00:00,106,10.49,COMPLETED
BKG000476,PPB000900,CUL001117,Groundnut,PPC049,2026-09-20 09:00:00,9,0.71,COMPLETED
BKG000477,PPB000026,CUL000030,Groundnut,PPC045,2026-09-08 15:00:00,138,4.57,WAITING
BKG000478,PPB000966,CUL001201,Soybean,PPC023,2026-09-13 10:00:00,10,1.92,PROCESSING
BKG000479,PPB000185,CUL000224,Cotton,PPC023,2026-09-12 14:00:00,25,23.1,WAITING
BKG000480,PPB000434,CUL000544,Paddy,PPC029,2026-09-09 11:00:00,94,37.03,COMPLETED
BKG000481,PPB000135,CUL000163,Soybean,PPC032,2026-09-27 12:00:00,13,0.79,WAITING
BKG000482,PPB000781,CUL000968,Cotton,PPC016,2026-09-29 16:00:00,80,0.56,WAITING
BKG000483,PPB000712,CUL000882,Maize,PPC008,2026-09-18 11:00:00,64,55.22,WAITING
BKG000484,PPB000382,CUL000481,Soybean,PPC011,2026-09-25 15:00:00,62,6.43,WAITING
BKG000485,PPB000062,CUL000076,Soybean,PPC035,2026-09-18 12:00:00,6,7.6,PROCESSING
BKG000486,PPB000887,CUL001103,Cotton,PPC001,2026-09-05 12:00:00,41,9.9,PROCESSING
BKG000487,PPB000568,CUL000703,Paddy,PPC025,2026-09-10 15:00:00,53,5.63,COMPLETED
BKG000488,PPB000566,CUL000700,Maize,PPC009,2026-09-07 09:00:00,120,8.56,WAITING
BKG000489,PPB000872,CUL001084,Paddy,PPC002,2026-09-17 14:00:00,111,12.7,WAITING
BKG000490,PPB000880,CUL001093,Groundnut,PPC047,2026-10-01 14:00:00,11,0.93,COMPLETED
BKG000491,PPB000566,CUL000701,Maize,PPC006,2026-09-03 10:00:00,100,14.19,WAITING
BKG000492,PPB000059,CUL000073,Soybean,PPC022,2026-09-18 11:00:00,144,4.51,PROCESSING
BKG000493,PPB000846,CUL001051,Groundnut,PPC026,2026-09-08 10:00:00,29,2.18,WAITING
BKG000494,PPB000954,CUL001184,Cotton,PPC030,2026-09-26 15:00:00,38,0.6,WAITING
BKG000495,PPB000505,CUL000626,Paddy,PPC031,2026-09-22 09:00:00,123,16.27,COMPLETED
BKG000496,PPB000082,CUL000099,Groundnut,PPC018,2026-09-10 12:00:00,137,18.92,WAITING
BKG000497,PPB000291,CUL000365,Paddy,PPC019,2026-09-13 15:00:00,147,39.24,WAITING
BKG000498,PPB000373,CUL000471,Soybean,PPC037,2026-09-09 12:00:00,100,3.12,COMPLETED
BKG000499,PPB000370,CUL000468,Groundnut,PPC027,2026-09-06 10:00:00,148,0.9,PROCESSING
BKG000500,PPB000959,CUL001191,Groundnut,PPC024,2026-09-08 09:00:00,99,13.23,WAITING
