cultivation_id,passbook_number,season,cultivated_area_acres,crop,quantity_produced_quintals
CUL000001,PPB000001,2026-KHARIF,0.72,Cotton,3.7
CUL000002,PPB000001,2026-KHARIF,0.53,Paddy,14.63
CUL000003,PPB000002,2026-KHARIF,3.43,Maize,84.04
CUL000004,PPB000002,2026-KHARIF,0.57,Soybean,3.42
CUL000005,PPB000003,2026-KHARIF,1.26,Paddy,26.6
CUL000006,PPB000004,2026-KHARIF,7.41,Maize,117.35
CUL000007,PPB000005,2026-KHARIF,1.63,Groundnut,13.41
CUL000008,PPB000006,2026-KHARIF,4.21,Paddy,112.11
CUL000009,PPB000007,2026-KHARIF,7.09,Cotton,29.6
CUL000010,PPB000008,2026-KHARIF,4.23,Cotton,31.46
CUL000011,PPB000009,2026-KHARIF,0.99,Cotton,5.79
CUL000012,PPB000010,2026-KHARIF,2.59,Maize,63.37
CUL000013,PPB000011,2026-KHARIF,2.53,Maize,46.45
CUL000014,PPB000012,2026-KHARIF,0.73,Soybean,3.9
CUL000015,PPB000012,2026-KHARIF,2.58,Groundnut,19.94
CUL000016,PPB000013,2026-KHARIF,1.01,Cotton,4.27
CUL000017,PPB000014,2026-KHARIF,3.17,Groundnut,19.35
CUL000018,PPB000015,2026-KHARIF,3.54,Cotton,19.4
CUL000019,PPB000016,2026-KHARIF,2.44,Maize,36.74
CUL000020,PPB000017,2026-KHARIF,3.22,Soybean,28.48
CUL000021,PPB000018,2026-KHARIF,3.22,Paddy,82.55
CUL000022,PPB000019,2026-KHARIF,0.52,Soybean,5.04
CUL000023,PPB000020,2026-KHARIF,2.08,Groundnut,17.31
CUL000024,PPB000020,2026-KHARIF,3.69,Maize,80.55
CUL000025,PPB000021,2026-KHARIF,3.78,Soybean,27.96
CUL000026,PPB000022,2026-KHARIF,3.6,Cotton,17.62
CUL000027,PPB000023,2026-KHARIF,2.44,Maize,60.1
CUL000028,PPB000024,2026-KHARIF,6.72,Maize,125.53
CUL000029,PPB000025,2026-KHARIF,2.86,Cotton,13.09
CUL000030,PPB000026,2026-KHARIF,4.12,Groundnut,45.77
CUL000031,PPB000026,2026-KHARIF,5.15,Maize,120.52
CUL000032,PPB000027,2026-KHARIF,2.24,Soybean,15.92
CUL000033,PPB000028,2026-KHARIF,2.19,Soybean,15.81
CUL000034,PPB000028,2026-KHARIF,1.07,Cotton,5.73
CUL000035,PPB000029,2026-KHARIF,0.98,Groundnut,7.09
CUL000036,PPB000029,2026-KHARIF,1.07,Maize,22.13
CUL000037,PPB000030,2026-KHARIF,3.9,Groundnut,43.58
CUL000038,PPB000031,2026-KHARIF,1.12,Cotton,5.44
CUL000039,PPB000031,2026-KHARIF,0.57,Paddy,14.49
CUL000040,PPB000032,2026-KHARIF,2.29,Groundnut,19.4
CUL000041,PPB000032,2026-KHARIF,1.23,Cotton,7.63
CUL000042,PPB000033,2026-KHARIF,2.16,Groundnut,18.56
CUL000043,PPB000034,2026-KHARIF,0.54,Maize,10.18
CUL000044,PPB000034,2026-KHARIF,1.36,Cotton,10.79
CUL000045,PPB000035,2026-KHARIF,1.59,Groundnut,17.0
CUL000046,PPB000036,2026-KHARIF,0.93,Cotton,5.46
CUL000047,PPB000037,2026-KHARIF,1.44,Soybean,9.48
CUL000048,PPB000038,2026-KHARIF,5.91,Paddy,123.27
CUL000049,PPB000039,2026-KHARIF,7.59,Paddy,176.96
CUL000050,PPB000040,2026-KHARIF,0.73,Cotton,3.51
CUL000051,PPB000041,2026-KHARIF,3.8,Cotton,27.98
CUL000052,PPB000042,2026-KHARIF,6.14,Cotton,38.89
CUL000053,PPB000043,2026-KHARIF,3.34,Maize,59.78
CUL000054,PPB000043,2026-KHARIF,0.77,Groundnut,5.36
CUL000055,PPB000044,2026-KHARIF,1.6,Paddy,40.52
CUL000056,PPB000045,2026-KHARIF,1.5,Groundnut,14.66
CUL000057,PPB000045,2026-KHARIF,3.88,Cotton,26.23
CUL000058,PPB000046,2026-KHARIF,7.79,Maize,187.68
CUL000059,PPB000047,2026-KHARIF,3.17,Maize,75.45
CUL000060,PPB000048,2026-KHARIF,0.98,Maize,22.22
CUL000061,PPB000048,2026-KHARIF,0.67,Cotton,5.17
CUL000062,PPB000049,2026-KHARIF,3.4,Paddy,100.99
CUL000063,PPB000050,2026-KHARIF,3.46,Paddy,99.87
CUL000064,PPB000051,2026-KHARIF,0.95,Groundnut,7.41
CUL000065,PPB000052,2026-KHARIF,3.31,Paddy,99.06
CUL000066,PPB000053,2026-KHARIF,8.0,Cotton,41.36
CUL000067,PPB000054,2026-KHARIF,1.63,Soybean,8.28
CUL000068,PPB000055,2026-KHARIF,5.92,Cotton,43.84
CUL000069,PPB000056,2026-KHARIF,3.81,Groundnut,43.53
CUL000070,PPB000057,2026-KHARIF,2.68,Maize,41.59
CUL000071,PPB000058,2026-KHARIF,2.43,Cotton,14.08
CUL000072,PPB000059,2026-KHARIF,3.7,Cotton,25.9
CUL000073,PPB000059,2026-KHARIF,4.88,Soybean,40.49
CUL000074,PPB000060,2026-KHARIF,4.06,Maize,96.3
CUL000075,PPB000061,2026-KHARIF,3.6,Paddy,82.9
CUL000076,PPB000062,2026-KHARIF,1.19,Soybean,8.26
CUL000077,PPB000063,2026-KHARIF,3.98,Cotton,21.76
CUL000078,PPB000064,2026-KHARIF,3.44,Cotton,15.58
CUL000079,PPB000064,2026-KHARIF,1.81,Cotton,11.24
CUL000080,PPB000065,2026-KHARIF,2.01,Paddy,58.56
CUL000081,PPB000065,2026-KHARIF,3.57,Paddy,100.16
CUL000082,PPB000066,2026-KHARIF,6.7,Paddy,135.54
CUL000083,PPB000067,2026-KHARIF,4.72,Paddy,105.87
CUL000084,PPB000068,2026-KHARIF,1.96,Maize,40.61
CUL000085,PPB000069,2026-KHARIF,6.22,Paddy,125.0
CUL000086,PPB000070,2026-KHARIF,2.49,Cotton,18.63
CUL000087,PPB000071,2026-KHARIF,1.23,Soybean,10.03
CUL000088,PPB000072,2026-KHARIF,5.77,Paddy,150.75
CUL000089,PPB000073,2026-KHARIF,7.05,Maize,170.47
CUL000090,PPB000074,2026-KHARIF,1.01,Paddy,20.24
CUL000091,PPB000075,2026-KHARIF,1.22,Paddy,29.12
CUL000092,PPB000076,2026-KHARIF,2.74,Maize,60.51
CUL000093,PPB000077,2026-KHARIF,2.81,Maize,55.33
CUL000094,PPB000077,2026-KHARIF,1.24,Groundnut,13.88
CUL000095,PPB000078,2026-KHARIF,3.3,Groundnut,19.93
CUL000096,PPB000079,2026-KHARIF,8.77,Cotton,40.13
CUL000097,PPB000080,2026-KHARIF,2.22,Paddy,48.58
CUL000098,PPB000081,2026-KHARIF,5.39,Maize,89.6
CUL000099,PPB000082,2026-KHARIF,5.2,Groundnut,51.19
CUL000100,PPB000083,2026-KHARIF,2.09,Cotton,14.51
CUL000101,PPB000084,2026-KHARIF,3.85,Cotton,19.73
CUL000102,PPB000085,2026-KHARIF,0.95,Paddy,23.69
CUL000103,PPB000086,2026-KHARIF,3.77,Soybean,20.36
CUL000104,PPB000087,2026-KHARIF,0.55,Paddy,12.75
CUL000105,PPB000087,2026-KHARIF,3.35,Cotton,22.75
CUL000106,PPB000088,2026-KHARIF,3.64,Cotton,21.12
CUL000107,PPB000089,2026-KHARIF,2.61,Cotton,18.41
CUL000108,PPB000089,2026-KHARIF,1.47,Maize,25.4
CUL000109,PPB000090,2026-KHARIF,0.9,Cotton,5.08
CUL000110,PPB000091,2026-KHARIF,3.2,Soybean,23.42
CUL000111,PPB000091,2026-KHARIF,5.11,Soybean,29.45
CUL000112,PPB000092,2026-KHARIF,1.88,Paddy,54.02
CUL000113,PPB000092,2026-KHARIF,1.62,Soybean,16.12
CUL000114,PPB000093,2026-KHARIF,2.88,Paddy,70.11
CUL000115,PPB000094,2026-KHARIF,1.11,Maize,19.06
CUL000116,PPB000095,2026-KHARIF,2.03,Maize,35.95
CUL000117,PPB000096,2026-KHARIF,0.59,Soybean,3.42
CUL000118,PPB000097,2026-KHARIF,1.82,Soybean,14.62
CUL000119,PPB000098,2026-KHARIF,4.24,Maize,84.26
CUL000120,PPB000098,2026-KHARIF,3.44,Cotton,26.99
CUL000121,PPB000099,2026-KHARIF,4.96,Soybean,39.87
CUL000122,PPB000100,2026-KHARIF,1.87,Soybean,16.86
CUL000123,PPB000101,2026-KHARIF,2.79,Cotton,18.21
CUL000124,PPB000101,2026-KHARIF,1.13,Cotton,7.61
CUL000125,PPB000102,2026-KHARIF,5.27,Groundnut,35.71
CUL000126,PPB000102,2026-KHARIF,1.21,Cotton,8.75
CUL000127,PPB000103,2026-KHARIF,1.93,Soybean,10.26
CUL000128,PPB000104,2026-KHARIF,3.09,Maize,52.82
CUL000129,PPB000104,2026-KHARIF,1.78,Maize,42.9
CUL000130,PPB000105,2026-KHARIF,4.01,Soybean,35.83
CUL000131,PPB000106,2026-KHARIF,2.57,Cotton,17.46
CUL000132,PPB000107,2026-KHARIF,6.18,Groundnut,73.09
CUL000133,PPB000108,2026-KHARIF,2.35,Groundnut,17.44
CUL000134,PPB000109,2026-KHARIF,5.0,Soybean,47.26
CUL000135,PPB000110,2026-KHARIF,4.27,Paddy,101.8
CUL000136,PPB000111,2026-KHARIF,2.91,Paddy,73.6
CUL000137,PPB000112,2026-KHARIF,3.24,Cotton,13.83
CUL000138,PPB000112,2026-KHARIF,1.01,Maize,23.14
CUL000139,PPB000113,2026-KHARIF,1.16,Cotton,8.57
CUL000140,PPB000114,2026-KHARIF,2.57,Maize,54.82
CUL000141,PPB000115,2026-KHARIF,1.93,Groundnut,17.17
CUL000142,PPB000116,2026-KHARIF,3.38,Cotton,20.07
CUL000143,PPB000117,2026-KHARIF,5.62,Groundnut,40.47
CUL000144,PPB000118,2026-KHARIF,2.05,Groundnut,19.74
CUL000145,PPB000119,2026-KHARIF,1.39,Maize,28.13
CUL000146,PPB000120,2026-KHARIF,2.17,Soybean,15.44
CUL000147,PPB000121,2026-KHARIF,2.93,Maize,48.17
CUL000148,PPB000122,2026-KHARIF,0.61,Soybean,3.29
CUL000149,PPB000123,2026-KHARIF,7.26,Maize,141.33
CUL000150,PPB000123,2026-KHARIF,1.06,Maize,22.19
CUL000151,PPB000124,2026-KHARIF,1.52,Cotton,8.85
CUL000152,PPB000125,2026-KHARIF,2.28,Soybean,14.65
CUL000153,PPB000126,2026-KHARIF,3.23,Paddy,68.6
CUL000154,PPB000127,2026-KHARIF,2.49,Cotton,11.37
CUL000155,PPB000128,2026-KHARIF,2.37,Soybean,19.51
CUL000156,PPB000128,2026-KHARIF,0.91,Cotton,5.87
CUL000157,PPB000129,2026-KHARIF,1.36,Cotton,8.52
CUL000158,PPB000130,2026-KHARIF,3.04,Paddy,82.77
CUL000159,PPB000131,2026-KHARIF,1.08,Paddy,23.11
CUL000160,PPB000132,2026-KHARIF,3.18,Maize,50.62
CUL000161,PPB000133,2026-KHARIF,9.41,Cotton,40.69
CUL000162,PPB000134,2026-KHARIF,1.48,Soybean,10.36
CUL000163,PPB000135,2026-KHARIF,0.8,Soybean,6.78
CUL000164,PPB000136,2026-KHARIF,4.96,Soybean,28.74
CUL000165,PPB000137,2026-KHARIF,2.16,Paddy,57.13
CUL000166,PPB000138,2026-KHARIF,0.59,Maize,11.67
CUL000167,PPB000139,2026-KHARIF,2.22,Maize,54.39
CUL000168,PPB000140,2026-KHARIF,2.91,Cotton,16.15
CUL000169,PPB000141,2026-KHARIF,0.58,Cotton,3.46
CUL000170,PPB000141,2026-KHARIF,2.94,Soybean,22.79
CUL000171,PPB000142,2026-KHARIF,1.16,Paddy,25.62
CUL000172,PPB000143,2026-KHARIF,0.56,Paddy,14.46
CUL000173,PPB000143,2026-KHARIF,3.6,Maize,68.3
CUL000174,PPB000144,2026-KHARIF,2.6,Groundnut,19.99
CUL000175,PPB000145,2026-KHARIF,2.0,Maize,46.7
CUL000176,PPB000146,2026-KHARIF,1.66,Cotton,12.6
CUL000177,PPB000147,2026-KHARIF,1.53,Cotton,8.88
CUL000178,PPB000147,2026-KHARIF,3.68,Groundnut,39.08
CUL000179,PPB000148,2026-KHARIF,0.61,Paddy,14.56
CUL000180,PPB000149,2026-KHARIF,3.08,Maize,52.36
CUL000181,PPB000150,2026-KHARIF,1.57,Maize,37.47
CUL000182,PPB000151,2026-KHARIF,2.57,Paddy,68.05
CUL000183,PPB000152,2026-KHARIF,4.04,Cotton,19.66
CUL000184,PPB000153,2026-KHARIF,2.89,Maize,67.33
CUL000185,PPB000154,2026-KHARIF,2.28,Soybean,19.61
CUL000186,PPB000155,2026-KHARIF,5.01,Groundnut,52.72
CUL000187,PPB000156,2026-KHARIF,2.57,Groundnut,19.82
CUL000188,PPB000156,2026-KHARIF,2.22,Maize,35.02
CUL000189,PPB000157,2026-KHARIF,4.52,Paddy,118.39
CUL000190,PPB000158,2026-KHARIF,8.08,Paddy,186.12
CUL000191,PPB000159,2026-KHARIF,2.1,Maize,33.54
CUL000192,PPB000159,2026-KHARIF,0.54,Maize,13.34
CUL000193,PPB000160,2026-KHARIF,0.95,Soybean,7.85
CUL000194,PPB000161,2026-KHARIF,3.1,Paddy,71.36
CUL000195,PPB000162,2026-KHARIF,4.35,Maize,70.48
CUL000196,PPB000163,2026-KHARIF,3.92,Soybean,23.02
CUL000197,PPB000164,2026-KHARIF,0.73,Maize,14.27
CUL000198,PPB000165,2026-KHARIF,2.76,Groundnut,24.5
CUL000199,PPB000166,2026-KHARIF,1.96,Soybean,16.44
CUL000200,PPB000167,2026-KHARIF,0.81,Soybean,7.41
CUL000201,PPB000168,2026-KHARIF,1.0,Paddy,25.77
CUL000202,PPB000168,2026-KHARIF,0.58,Paddy,17.16
CUL000203,PPB000169,2026-KHARIF,2.5,Soybean,15.03
CUL000204,PPB000170,2026-KHARIF,0.52,Cotton,4.08
CUL000205,PPB000171,2026-KHARIF,1.41,Soybean,12.76
CUL000206,PPB000172,2026-KHARIF,6.61,Soybean,51.52
CUL000207,PPB000173,2026-KHARIF,2.69,Paddy,61.51
CUL000208,PPB000173,2026-KHARIF,0.51,Cotton,2.97
CUL000209,PPB000174,2026-KHARIF,2.63,Cotton,17.45
CUL000210,PPB000174,2026-KHARIF,0.98,Groundnut,9.06
CUL000211,PPB000175,2026-KHARIF,2.26,Cotton,12.72
CUL000212,PPB000176,2026-KHARIF,2.65,Cotton,18.73
CUL000213,PPB000176,2026-KHARIF,0.96,Soybean,8.04
CUL000214,PPB000177,2026-KHARIF,3.13,Soybean,17.0
CUL000215,PPB000177,2026-KHARIF,1.56,Maize,28.59
CUL000216,PPB000178,2026-KHARIF,3.13,Soybean,27.45
CUL000217,PPB000179,2026-KHARIF,1.63,Cotton,9.82
CUL000218,PPB000180,2026-KHARIF,5.88,Groundnut,57.6
CUL000219,PPB000181,2026-KHARIF,1.61,Groundnut,11.01
CUL000220,PPB000182,2026-KHARIF,2.17,Soybean,11.74
CUL000221,PPB000183,2026-KHARIF,3.8,Groundnut,35.2
CUL000222,PPB000183,2026-KHARIF,0.47,Groundnut,2.83
CUL000223,PPB000184,2026-KHARIF,3.4,Cotton,20.25
CUL000224,PPB000185,2026-KHARIF,7.25,Cotton,44.91
CUL000225,PPB000186,2026-KHARIF,5.46,Soybean,33.28
CUL000226,PPB000186,2026-KHARIF,1.91,Soybean,16.12
CUL000227,PPB000187,2026-KHARIF,1.13,Soybean,6.53
CUL000228,PPB000188,2026-KHARIF,5.96,Groundnut,64.37
CUL000229,PPB000189,2026-KHARIF,1.83,Paddy,49.32
CUL000230,PPB000189,2026-KHARIF,2.76,Soybean,17.98
CUL000231,PPB000190,2026-KHARIF,4.54,Paddy,134.0
CUL000232,PPB000191,2026-KHARIF,0.61,Paddy,14.0
CUL000233,PPB000192,2026-KHARIF,1.72,Paddy,35.55
CUL000234,PPB000193,2026-KHARIF,2.57,Soybean,24.99
CUL000235,PPB000194,2026-KHARIF,0.56,Groundnut,4.37
CUL000236,PPB000194,2026-KHARIF,2.49,Maize,44.91
CUL000237,PPB000195,2026-KHARIF,3.06,Groundnut,19.13
CUL000238,PPB000195,2026-KHARIF,0.98,Paddy,24.5
CUL000239,PPB000196,2026-KHARIF,0.55,Soybean,5.12
CUL000240,PPB000197,2026-KHARIF,2.01,Paddy,48.7
CUL000241,PPB000197,2026-KHARIF,0.49,Cotton,3.82
CUL000242,PPB000198,2026-KHARIF,4.66,Soybean,24.2
CUL000243,PPB000199,2026-KHARIF,2.85,Paddy,70.53
CUL000244,PPB000199,2026-KHARIF,0.64,Paddy,14.37
CUL000245,PPB000200,2026-KHARIF,2.96,Cotton,14.7
CUL000246,PPB000201,2026-KHARIF,0.73,Cotton,4.53
CUL000247,PPB000201,2026-KHARIF,4.7,Soybean,28.59
CUL000248,PPB000202,2026-KHARIF,1.01,Maize,21.14
CUL000249,PPB000202,2026-KHARIF,3.43,Paddy,100.69
CUL000250,PPB000203,2026-KHARIF,0.63,Maize,12.37
CUL000251,PPB000203,2026-KHARIF,1.33,Soybean,11.98
CUL000252,PPB000204,2026-KHARIF,2.34,Paddy,63.14
CUL000253,PPB000205,2026-KHARIF,2.1,Soybean,13.58
CUL000254,PPB000205,2026-KHARIF,1.66,Cotton,10.63
CUL000255,PPB000206,2026-KHARIF,0.65,Maize,16.05
CUL000256,PPB000206,2026-KHARIF,0.56,Soybean,4.16
CUL000257,PPB000207,2026-KHARIF,1.02,Maize,23.18
CUL000258,PPB000208,2026-KHARIF,1.01,Maize,18.58
CUL000259,PPB000209,2026-KHARIF,0.83,Soybean,7.5
CUL000260,PPB000209,2026-KHARIF,1.07,Paddy,22.49
CUL000261,PPB000210,2026-KHARIF,1.42,Groundnut,13.31
CUL000262,PPB000211,2026-KHARIF,2.15,Soybean,10.97
CUL000263,PPB000211,2026-KHARIF,1.12,Cotton,7.32
CUL000264,PPB000212,2026-KHARIF,2.63,Paddy,59.94
CUL000265,PPB000213,2026-KHARIF,1.13,Paddy,25.57
CUL000266,PPB000213,2026-KHARIF,8.33,Cotton,49.13
CUL000267,PPB000214,2026-KHARIF,2.71,Maize,43.93
CUL000268,PPB000215,2026-KHARIF,0.76,Maize,16.45
CUL000269,PPB000216,2026-KHARIF,2.28,Groundnut,18.79
CUL000270,PPB000216,2026-KHARIF,0.61,Paddy,18.12
CUL000271,PPB000217,2026-KHARIF,3.53,Paddy,90.36
CUL000272,PPB000218,2026-KHARIF,1.9,Cotton,8.61
CUL000273,PPB000219,2026-KHARIF,0.57,Paddy,14.31
CUL000274,PPB000219,2026-KHARIF,0.57,Groundnut,5.7
CUL000275,PPB000220,2026-KHARIF,2.84,Maize,51.67
CUL000276,PPB000221,2026-KHARIF,2.32,Maize,39.18
CUL000277,PPB000222,2026-KHARIF,1.99,Maize,31.82
CUL000278,PPB000222,2026-KHARIF,0.94,Groundnut,10.48
CUL000279,PPB000223,2026-KHARIF,0.88,Maize,20.75
CUL000280,PPB000224,2026-KHARIF,8.47,Paddy,209.86
CUL000281,PPB000225,2026-KHARIF,4.03,Maize,85.72
CUL000282,PPB000226,2026-KHARIF,2.68,Cotton,20.77
CUL000283,PPB000226,2026-KHARIF,0.43,Soybean,2.28
CUL000284,PPB000227,2026-KHARIF,0.89,Cotton,6.34
CUL000285,PPB000227,2026-KHARIF,0.73,Cotton,4.06
CUL000286,PPB000228,2026-KHARIF,5.67,Maize,112.23
CUL000287,PPB000229,2026-KHARIF,3.51,Maize,61.12
CUL000288,PPB000229,2026-KHARIF,1.1,Soybean,9.75
CUL000289,PPB000230,2026-KHARIF,0.92,Soybean,4.91
CUL000290,PPB000230,2026-KHARIF,0.48,Maize,10.91
CUL000291,PPB000231,2026-KHARIF,3.42,Soybean,21.9
CUL000292,PPB000232,2026-KHARIF,2.34,Groundnut,22.54
CUL000293,PPB000233,2026-KHARIF,7.04,Soybean,53.2
CUL000294,PPB000234,2026-KHARIF,3.05,Groundnut,31.02
CUL000295,PPB000234,2026-KHARIF,0.8,Groundnut,7.68
CUL000296,PPB000235,2026-KHARIF,2.99,Paddy,80.47
CUL000297,PPB000236,2026-KHARIF,4.14,Groundnut,40.52
CUL000298,PPB000237,2026-KHARIF,4.22,Cotton,31.65
CUL000299,PPB000238,2026-KHARIF,2.64,Cotton,20.14
CUL000300,PPB000239,2026-KHARIF,3.73,Cotton,17.78
CUL000301,PPB000240,2026-KHARIF,4.18,Soybean,26.72
CUL000302,PPB000241,2026-KHARIF,1.46,Maize,33.12
CUL000303,PPB000241,2026-KHARIF,0.48,Maize,11.05
CUL000304,PPB000242,2026-KHARIF,1.78,Cotton,12.19
CUL000305,PPB000243,2026-KHARIF,0.79,Soybean,6.25
CUL000306,PPB000244,2026-KHARIF,0.74,Cotton,4.85
CUL000307,PPB000245,2026-KHARIF,1.64,Cotton,7.76
CUL000308,PPB000246,2026-KHARIF,2.54,Soybean,18.85
CUL000309,PPB000246,2026-KHARIF,1.29,Groundnut,11.29
CUL000310,PPB000247,2026-KHARIF,1.86,Groundnut,11.96
CUL000311,PPB000248,2026-KHARIF,4.86,Groundnut,57.85
CUL000312,PPB000249,2026-KHARIF,0.67,Cotton,5.17
CUL000313,PPB000250,2026-KHARIF,5.77,Groundnut,54.82
CUL000314,PPB000250,2026-KHARIF,0.46,Groundnut,3.92
CUL000315,PPB000251,2026-KHARIF,0.98,Soybean,7.98
CUL000316,PPB000252,2026-KHARIF,5.39,Soybean,38.73
CUL000317,PPB000252,2026-KHARIF,1.38,Maize,23.2
CUL000318,PPB000253,2026-KHARIF,4.86,Paddy,99.19
CUL000319,PPB000254,2026-KHARIF,1.82,Groundnut,16.76
CUL000320,PPB000255,2026-KHARIF,3.27,Soybean,19.7
CUL000321,PPB000256,2026-KHARIF,0.52,Cotton,4.11
CUL000322,PPB000257,2026-KHARIF,2.64,Maize,45.68
CUL000323,PPB000258,2026-KHARIF,7.84,Cotton,57.73
CUL000324,PPB000259,2026-KHARIF,0.58,Groundnut,4.58
CUL000325,PPB000260,2026-KHARIF,1.59,Soybean,9.56
CUL000326,PPB000261,2026-KHARIF,8.67,Paddy,222.93
CUL000327,PPB000262,2026-KHARIF,5.62,Paddy,117.78
CUL000328,PPB000263,2026-KHARIF,2.13,Soybean,17.14
CUL000329,PPB000263,2026-KHARIF,5.19,Maize,92.35
CUL000330,PPB000264,2026-KHARIF,1.87,Cotton,10.74
CUL000331,PPB000265,2026-KHARIF,1.12,Maize,17.92
CUL000332,PPB000265,2026-KHARIF,0.52,Soybean,3.75
CUL000333,PPB000266,2026-KHARIF,2.92,Soybean,14.94
CUL000334,PPB000266,2026-KHARIF,0.45,Maize,10.72
CUL000335,PPB000267,2026-KHARIF,1.89,Groundnut,15.22
CUL000336,PPB000267,2026-KHARIF,0.53,Groundnut,5.14
CUL000337,PPB000268,2026-KHARIF,4.25,Cotton,19.46
CUL000338,PPB000268,2026-KHARIF,0.65,Soybean,3.8
CUL000339,PPB000269,2026-KHARIF,1.78,Cotton,9.64
CUL000340,PPB000269,2026-KHARIF,1.71,Cotton,12.99
CUL000341,PPB000270,2026-KHARIF,4.19,Soybean,41.08
CUL000342,PPB000270,2026-KHARIF,1.84,Groundnut,13.73
CUL000343,PPB000271,2026-KHARIF,4.59,Paddy,109.65
CUL000344,PPB000272,2026-KHARIF,1.41,Paddy,35.12
CUL000345,PPB000273,2026-KHARIF,5.82,Paddy,141.85
CUL000346,PPB000273,2026-KHARIF,0.51,Cotton,2.79
CUL000347,PPB000274,2026-KHARIF,3.73,Maize,64.12
CUL000348,PPB000275,2026-KHARIF,3.07,Soybean,20.95
CUL000349,PPB000276,2026-KHARIF,1.28,Maize,20.38
CUL000350,PPB000277,2026-KHARIF,2.66,Groundnut,30.83
CUL000351,PPB000278,2026-KHARIF,0.7,Maize,16.51
CUL000352,PPB000278,2026-KHARIF,0.68,Maize,11.76
CUL000353,PPB000279,2026-KHARIF,0.75,Paddy,16.74
CUL000354,PPB000280,2026-KHARIF,3.51,Groundnut,34.85
CUL000355,PPB000281,2026-KHARIF,0.81,Soybean,7.87
CUL000356,PPB000282,2026-KHARIF,1.64,Maize,34.48
CUL000357,PPB000283,2026-KHARIF,0.99,Paddy,22.46
CUL000358,PPB000284,2026-KHARIF,2.92,Soybean,22.68
CUL000359,PPB000285,2026-KHARIF,7.13,Maize,145.0
CUL000360,PPB000286,2026-KHARIF,1.67,Paddy,38.84
CUL000361,PPB000287,2026-KHARIF,7.07,Groundnut,76.92
CUL000362,PPB000288,2026-KHARIF,1.08,Maize,16.72
CUL000363,PPB000289,2026-KHARIF,8.05,Maize,190.12
CUL000364,PPB000290,2026-KHARIF,5.34,Cotton,31.24
CUL000365,PPB000291,2026-KHARIF,1.92,Paddy,52.1
CUL000366,PPB000291,2026-KHARIF,1.5,Groundnut,15.79
CUL000367,PPB000292,2026-KHARIF,7.13,Maize,106.99
CUL000368,PPB000293,2026-KHARIF,0.89,Soybean,7.46
CUL000369,PPB000293,2026-KHARIF,0.44,Groundnut,4.56
CUL000370,PPB000294,2026-KHARIF,8.03,Groundnut,65.23
CUL000371,PPB000294,2026-KHARIF,0.38,Soybean,3.33
CUL000372,PPB000295,2026-KHARIF,2.02,Soybean,11.38
CUL000373,PPB000295,2026-KHARIF,0.76,Paddy,19.76
CUL000374,PPB000296,2026-KHARIF,2.41,Paddy,62.77
CUL000375,PPB000297,2026-KHARIF,1.6,Cotton,8.79
CUL000376,PPB000297,2026-KHARIF,0.9,Maize,20.25
CUL000377,PPB000298,2026-KHARIF,3.81,Maize,74.29
CUL000378,PPB000299,2026-KHARIF,1.36,Cotton,7.6
CUL000379,PPB000300,2026-KHARIF,0.57,Maize,13.7
CUL000380,PPB000301,2026-KHARIF,4.35,Soybean,37.26
CUL000381,PPB000302,2026-KHARIF,1.0,Soybean,5.65
CUL000382,PPB000303,2026-KHARIF,0.71,Maize,17.02
CUL000383,PPB000304,2026-KHARIF,0.69,Paddy,16.22
CUL000384,PPB000305,2026-KHARIF,3.19,Soybean,17.2
CUL000385,PPB000305,2026-KHARIF,0.45,Groundnut,4.19
CUL000386,PPB000306,2026-KHARIF,9.02,Soybean,48.16
CUL000387,PPB000307,2026-KHARIF,1.9,Groundnut,13.29
CUL000388,PPB000308,2026-KHARIF,1.45,Groundnut,11.05
CUL000389,PPB000309,2026-KHARIF,2.39,Groundnut,19.66
CUL000390,PPB000310,2026-KHARIF,2.76,Groundnut,24.18
CUL000391,PPB000310,2026-KHARIF,2.26,Cotton,12.37
CUL000392,PPB000311,2026-KHARIF,4.63,Soybean,33.18
CUL000393,PPB000312,2026-KHARIF,6.18,Groundnut,64.1
CUL000394,PPB000313,2026-KHARIF,4.28,Maize,104.13
CUL000395,PPB000314,2026-KHARIF,2.7,Soybean,23.37
CUL000396,PPB000314,2026-KHARIF,3.02,Maize,49.59
CUL000397,PPB000315,2026-KHARIF,0.77,Soybean,4.91
CUL000398,PPB000316,2026-KHARIF,0.84,Cotton,3.4
CUL000399,PPB000317,2026-KHARIF,1.22,Groundnut,8.74
CUL000400,PPB000318,2026-KHARIF,1.52,Groundnut,11.45
CUL000401,PPB000319,2026-KHARIF,0.5,Paddy,10.82
CUL000402,PPB000320,2026-KHARIF,2.84,Soybean,25.38
CUL000403,PPB000321,2026-KHARIF,4.23,Maize,102.57
CUL000404,PPB000322,2026-KHARIF,0.95,Soybean,8.61
CUL000405,PPB000322,2026-KHARIF,1.54,Cotton,11.4
CUL000406,PPB000323,2026-KHARIF,3.4,Groundnut,38.54
CUL000407,PPB000324,2026-KHARIF,2.12,Cotton,12.95
CUL000408,PPB000325,2026-KHARIF,5.24,Maize,90.45
CUL000409,PPB000326,2026-KHARIF,2.13,Cotton,11.32
CUL000410,PPB000327,2026-KHARIF,4.27,Soybean,22.44
CUL000411,PPB000328,2026-KHARIF,1.62,Cotton,7.17
CUL000412,PPB000329,2026-KHARIF,1.1,Maize,26.19
CUL000413,PPB000330,2026-KHARIF,0.78,Maize,18.92
CUL000414,PPB000331,2026-KHARIF,1.59,Soybean,11.28
CUL000415,PPB000332,2026-KHARIF,2.13,Maize,35.41
CUL000416,PPB000333,2026-KHARIF,2.47,Paddy,68.54
CUL000417,PPB000334,2026-KHARIF,2.61,Soybean,15.06
CUL000418,PPB000335,2026-KHARIF,8.03,Cotton,62.24
CUL000419,PPB000336,2026-KHARIF,1.52,Soybean,14.28
CUL000420,PPB000337,2026-KHARIF,7.95,Soybean,63.14
CUL000421,PPB000337,2026-KHARIF,0.53,Maize,9.47
CUL000422,PPB000338,2026-KHARIF,2.16,Groundnut,17.2
CUL000423,PPB000339,2026-KHARIF,4.6,Paddy,95.78
CUL000424,PPB000339,2026-KHARIF,0.66,Paddy,14.19
CUL000425,PPB000340,2026-KHARIF,3.32,Paddy,97.42
CUL000426,PPB000340,2026-KHARIF,2.41,Maize,60.05
CUL000427,PPB000341,2026-KHARIF,2.54,Paddy,54.19
CUL000428,PPB000342,2026-KHARIF,5.75,Cotton,38.32
CUL000429,PPB000343,2026-KHARIF,0.81,Cotton,4.31
CUL000430,PPB000344,2026-KHARIF,3.33,Paddy,99.51
CUL000431,PPB000345,2026-KHARIF,8.15,Maize,186.6
CUL000432,PPB000346,2026-KHARIF,5.59,Soybean,30.96
CUL000433,PPB000346,2026-KHARIF,0.85,Groundnut,9.37
CUL000434,PPB000347,2026-KHARIF,7.56,Cotton,34.43
CUL000435,PPB000348,2026-KHARIF,1.71,Cotton,7.92
CUL000436,PPB000348,2026-KHARIF,0.73,Groundnut,4.8
CUL000437,PPB000349,2026-KHARIF,4.9,Paddy,117.28
CUL000438,PPB000350,2026-KHARIF,6.01,Soybean,54.4
CUL000439,PPB000351,2026-KHARIF,6.46,Cotton,33.43
CUL000440,PPB000352,2026-KHARIF,0.71,Maize,16.29
CUL000441,PPB000352,2026-KHARIF,0.32,Cotton,1.55
CUL000442,PPB000353,2026-KHARIF,0.88,Maize,13.52
CUL000443,PPB000353,2026-KHARIF,0.6,Paddy,12.89
CUL000444,PPB000354,2026-KHARIF,1.04,Paddy,23.74
CUL000445,PPB000354,2026-KHARIF,1.58,Cotton,9.98
CUL000446,PPB000355,2026-KHARIF,1.15,Paddy,33.69
CUL000447,PPB000355,2026-KHARIF,0.73,Groundnut,7.57
CUL000448,PPB000356,2026-KHARIF,3.24,Maize,77.62
CUL000449,PPB000357,2026-KHARIF,2.97,Soybean,17.69
CUL000450,PPB000358,2026-KHARIF,0.58,Cotton,3.22
CUL000451,PPB000359,2026-KHARIF,1.39,Soybean,12.4
CUL000452,PPB000359,2026-KHARIF,0.97,Soybean,5.49
CUL000453,PPB000360,2026-KHARIF,5.12,Soybean,42.46
CUL000454,PPB000361,2026-KHARIF,0.56,Maize,13.74
CUL000455,PPB000362,2026-KHARIF,1.37,Cotton,6.29
CUL000456,PPB000362,2026-KHARIF,7.55,Maize,151.97
CUL000457,PPB000363,2026-KHARIF,3.51,Maize,77.95
CUL000458,PPB000364,2026-KHARIF,0.67,Paddy,17.63
CUL000459,PPB000364,2026-KHARIF,3.25,Groundnut,26.77
CUL000460,PPB000365,2026-KHARIF,1.17,Groundnut,8.44
CUL000461,PPB000366,2026-KHARIF,2.23,Groundnut,17.04
CUL000462,PPB000367,2026-KHARIF,5.15,Groundnut,49.83
CUL000463,PPB000367,2026-KHARIF,0.55,Soybean,4.87
CUL000464,PPB000368,2026-KHARIF,3.77,Groundnut,35.0
CUL000465,PPB000369,2026-KHARIF,0.56,Cotton,2.28
CUL000466,PPB000369,2026-KHARIF,1.0,Paddy,24.75
CUL000467,PPB000370,2026-KHARIF,6.84,Groundnut,64.51
CUL000468,PPB000370,2026-KHARIF,0.48,Groundnut,3.52
CUL000469,PPB000371,2026-KHARIF,3.33,Paddy,93.8
CUL000470,PPB000372,2026-KHARIF,4.11,Paddy,104.01
CUL000471,PPB000373,2026-KHARIF,0.66,Soybean,4.09
CUL000472,PPB000374,2026-KHARIF,1.32,Paddy,36.99
CUL000473,PPB000375,2026-KHARIF,1.6,Groundnut,18.62
CUL000474,PPB000376,2026-KHARIF,4.72,Cotton,33.4
CUL000475,PPB000377,2026-KHARIF,3.27,Groundnut,23.81
CUL000476,PPB000378,2026-KHARIF,1.93,Maize,46.81
CUL000477,PPB000379,2026-KHARIF,1.78,Cotton,8.38
CUL000478,PPB000379,2026-KHARIF,0.83,Paddy,22.29
CUL000479,PPB000380,2026-KHARIF,2.65,Maize,64.83
CUL000480,PPB000381,2026-KHARIF,0.59,Cotton,2.76
CUL000481,PPB000382,2026-KHARIF,2.68,Soybean,15.57
CUL000482,PPB000383,2026-KHARIF,1.67,Maize,31.09
CUL000483,PPB000383,2026-KHARIF,3.62,Cotton,18.96
CUL000484,PPB000384,2026-KHARIF,0.99,Maize,23.49
CUL000485,PPB000385,2026-KHARIF,1.73,Paddy,48.07
CUL000486,PPB000386,2026-KHARIF,3.99,Paddy,110.32
CUL000487,PPB000387,2026-KHARIF,1.54,Groundnut,13.54
CUL000488,PPB000388,2026-KHARIF,2.68,Groundnut,20.56
CUL000489,PPB000389,2026-KHARIF,0.9,Paddy,21.18
CUL000490,PPB000390,2026-KHARIF,1.68,Groundnut,19.61
CUL000491,PPB000390,2026-KHARIF,0.34,Groundnut,3.68
CUL000492,PPB000391,2026-KHARIF,1.71,Maize,28.14
CUL000493,PPB000392,2026-KHARIF,2.68,Groundnut,19.2
CUL000494,PPB000393,2026-KHARIF,0.63,Soybean,5.65
CUL000495,PPB000394,2026-KHARIF,0.97,Groundnut,10.34
CUL000496,PPB000394,2026-KHARIF,1.94,Maize,32.79
CUL000497,PPB000395,2026-KHARIF,3.66,Paddy,108.93
CUL000498,PPB000395,2026-KHARIF,0.81,Soybean,6.31
CUL000499,PPB000396,2026-KHARIF,1.09,Cotton,5.23
CUL000500,PPB000396,2026-KHARIF,0.52,Soybean,3.09
CUL000501,PPB000397,2026-KHARIF,0.52,Cotton,3.43
CUL000502,PPB000398,2026-KHARIF,7.29,Paddy,216.48
CUL000503,PPB000398,2026-KHARIF,2.02,Paddy,43.11
CUL000504,PPB000399,2026-KHARIF,4.7,Groundnut,49.8
CUL000505,PPB000400,2026-KHARIF,4.18,Groundnut,50.06
CUL000506,PPB000401,2026-KHARIF,0.86,Paddy,23.96
CUL000507,PPB000402,2026-KHARIF,1.36,Groundnut,14.87
CUL000508,PPB000403,2026-KHARIF,0.55,Paddy,11.3
CUL000509,PPB000404,2026-KHARIF,3.98,Maize,87.4
CUL000510,PPB000405,2026-KHARIF,3.34,Cotton,17.9
CUL000511,PPB000406,2026-KHARIF,1.0,Groundnut,8.18
CUL000512,PPB000407,2026-KHARIF,2.43,Cotton,13.67
CUL000513,PPB000407,2026-KHARIF,0.6,Cotton,3.19
CUL000514,PPB000408,2026-KHARIF,5.75,Groundnut,55.3
CUL000515,PPB000409,2026-KHARIF,2.19,Paddy,65.14
CUL000516,PPB000410,2026-KHARIF,2.95,Paddy,64.39
CUL000517,PPB000411,2026-KHARIF,1.4,Paddy,31.24
CUL000518,PPB000412,2026-KHARIF,2.13,Groundnut,22.43
CUL000519,PPB000413,2026-KHARIF,7.65,Groundnut,88.83
CUL000520,PPB000414,2026-KHARIF,3.49,Cotton,15.36
CUL000521,PPB000415,2026-KHARIF,2.23,Paddy,51.56
CUL000522,PPB000415,2026-KHARIF,0.56,Paddy,14.88
CUL000523,PPB000416,2026-KHARIF,1.55,Maize,24.32
CUL000524,PPB000417,2026-KHARIF,0.6,Soybean,3.13
CUL000525,PPB000418,2026-KHARIF,2.0,Paddy,45.29
CUL000526,PPB000419,2026-KHARIF,0.71,Maize,11.96
CUL000527,PPB000420,2026-KHARIF,1.46,Paddy,36.07
CUL000528,PPB000421,2026-KHARIF,1.58,Groundnut,11.74
CUL000529,PPB000422,2026-KHARIF,0.51,Groundnut,5.74
CUL000530,PPB000422,2026-KHARIF,1.57,Maize,31.28
CUL000531,PPB000423,2026-KHARIF,0.78,Maize,16.48
CUL000532,PPB000424,2026-KHARIF,0.97,Groundnut,7.52
CUL000533,PPB000424,2026-KHARIF,0.7,Groundnut,5.93
CUL000534,PPB000425,2026-KHARIF,1.13,Groundnut,12.58
CUL000535,PPB000426,2026-KHARIF,1.25,Cotton,8.24
CUL000536,PPB000427,2026-KHARIF,0.51,Paddy,12.27
CUL000537,PPB000427,2026-KHARIF,1.72,Cotton,11.64
CUL000538,PPB000428,2026-KHARIF,8.22,Groundnut,55.24
CUL000539,PPB000429,2026-KHARIF,1.67,Paddy,37.26
CUL000540,PPB000430,2026-KHARIF,6.55,Paddy,175.81
CUL000541,PPB000431,2026-KHARIF,5.16,Cotton,40.44
CUL000542,PPB000432,2026-KHARIF,4.84,Paddy,136.97
CUL000543,PPB000433,2026-KHARIF,2.02,Cotton,9.75
CUL000544,PPB000434,2026-KHARIF,1.44,Paddy,41.31
CUL000545,PPB000435,2026-KHARIF,3.41,Soybean,28.29
CUL000546,PPB000436,2026-KHARIF,4.16,Maize,98.08
CUL000547,PPB000437,2026-KHARIF,0.7,Cotton,3.33
CUL000548,PPB000438,2026-KHARIF,1.9,Cotton,10.92
CUL000549,PPB000439,2026-KHARIF,0.53,Soybean,3.07
CUL000550,PPB000440,2026-KHARIF,5.44,Groundnut,42.08
CUL000551,PPB000441,2026-KHARIF,1.28,Cotton,5.84
CUL000552,PPB000441,2026-KHARIF,2.11,Soybean,18.66
CUL000553,PPB000442,2026-KHARIF,5.54,Groundnut,35.41
CUL000554,PPB000442,2026-KHARIF,0.9,Cotton,5.92
CUL000555,PPB000443,2026-KHARIF,1.07,Cotton,7.87
CUL000556,PPB000443,2026-KHARIF,2.19,Cotton,10.17
CUL000557,PPB000444,2026-KHARIF,3.12,Maize,47.33
CUL000558,PPB000445,2026-KHARIF,4.14,Soybean,25.23
CUL000559,PPB000446,2026-KHARIF,1.25,Cotton,7.61
CUL000560,PPB000447,2026-KHARIF,1.45,Groundnut,15.66
CUL000561,PPB000448,2026-KHARIF,0.63,Groundnut,7.4
CUL000562,PPB000448,2026-KHARIF,1.12,Cotton,5.61
CUL000563,PPB000449,2026-KHARIF,2.51,Groundnut,27.95
CUL000564,PPB000450,2026-KHARIF,2.01,Groundnut,12.1
CUL000565,PPB000451,2026-KHARIF,1.38,Groundnut,11.76
CUL000566,PPB000452,2026-KHARIF,0.51,Maize,8.61
CUL000567,PPB000453,2026-KHARIF,4.71,Soybean,29.46
CUL000568,PPB000454,2026-KHARIF,1.32,Soybean,11.02
CUL000569,PPB000455,2026-KHARIF,1.15,Soybean,9.34
CUL000570,PPB000456,2026-KHARIF,2.49,Cotton,13.51
CUL000571,PPB000457,2026-KHARIF,2.99,Soybean,18.35
CUL000572,PPB000458,2026-KHARIF,2.15,Paddy,55.15
CUL000573,PPB000459,2026-KHARIF,2.48,Paddy,54.68
CUL000574,PPB000460,2026-KHARIF,2.58,Paddy,54.25
CUL000575,PPB000460,2026-KHARIF,1.79,Groundnut,15.48
CUL000576,PPB000461,2026-KHARIF,2.04,Maize,35.06
CUL000577,PPB000462,2026-KHARIF,0.57,Paddy,16.63
CUL000578,PPB000463,2026-KHARIF,1.2,Cotton,7.89
CUL000579,PPB000463,2026-KHARIF,4.61,Maize,73.46
CUL000580,PPB000464,2026-KHARIF,3.11,Paddy,87.25
CUL000581,PPB000465,2026-KHARIF,0.82,Cotton,5.05
CUL000582,PPB000466,2026-KHARIF,7.2,Soybean,65.41
CUL000583,PPB000467,2026-KHARIF,3.02,Cotton,13.29
CUL000584,PPB000468,2026-KHARIF,4.15,Cotton,16.6
CUL000585,PPB000469,2026-KHARIF,7.17,Soybean,55.79
CUL000586,PPB000470,2026-KHARIF,0.6,Paddy,17.88
CUL000587,PPB000471,2026-KHARIF,1.31,Maize,21.9
CUL000588,PPB000472,2026-KHARIF,1.5,Paddy,40.99
CUL000589,PPB000473,2026-KHARIF,3.98,Maize,64.98
CUL000590,PPB000474,2026-KHARIF,0.97,Soybean,5.94
CUL000591,PPB000474,2026-KHARIF,1.39,Paddy,37.89
CUL000592,PPB000475,2026-KHARIF,1.28,Cotton,9.39
CUL000593,PPB000476,2026-KHARIF,0.86,Paddy,24.37
CUL000594,PPB000476,2026-KHARIF,0.74,Soybean,3.73
CUL000595,PPB000477,2026-KHARIF,0.76,Maize,16.6
CUL000596,PPB000478,2026-KHARIF,0.89,Maize,15.23
CUL000597,PPB000478,2026-KHARIF,0.91,Paddy,22.16
CUL000598,PPB000479,2026-KHARIF,1.42,Groundnut,14.6
CUL000599,PPB000480,2026-KHARIF,4.85,Maize,112.95
CUL000600,PPB000481,2026-KHARIF,3.99,Soybean,23.38
CUL000601,PPB000482,2026-KHARIF,0.85,Cotton,5.46
CUL000602,PPB000482,2026-KHARIF,0.89,Paddy,19.55
CUL000603,PPB000483,2026-KHARIF,2.25,Groundnut,19.78
CUL000604,PPB000484,2026-KHARIF,6.76,Paddy,189.05
CUL000605,PPB000485,2026-KHARIF,7.15,Maize,159.95
CUL000606,PPB000486,2026-KHARIF,4.48,Soybean,42.77
CUL000607,PPB000487,2026-KHARIF,0.83,Maize,16.92
CUL000608,PPB000488,2026-KHARIF,6.84,Maize,164.71
CUL000609,PPB000489,2026-KHARIF,1.52,Groundnut,9.88
CUL000610,PPB000490,2026-KHARIF,1.7,Cotton,10.53
CUL000611,PPB000491,2026-KHARIF,0.53,Soybean,4.9
CUL000612,PPB000492,2026-KHARIF,1.54,Maize,33.86
CUL000613,PPB000493,2026-KHARIF,4.28,Groundnut,37.04
CUL000614,PPB000494,2026-KHARIF,1.91,Groundnut,12.38
CUL000615,PPB000494,2026-KHARIF,0.53,Soybean,3.09
CUL000616,PPB000495,2026-KHARIF,9.05,Cotton,37.28
CUL000617,PPB000496,2026-KHARIF,7.78,Paddy,222.73
CUL000618,PPB000497,2026-KHARIF,1.09,Maize,24.61
CUL000619,PPB000498,2026-KHARIF,1.18,Maize,23.37
CUL000620,PPB000499,2026-KHARIF,2.3,Groundnut,22.74
CUL000621,PPB000500,2026-KHARIF,2.87,Groundnut,17.66
CUL000622,PPB000501,2026-KHARIF,1.95,Cotton,10.76
CUL000623,PPB000502,2026-KHARIF,3.06,Groundnut,30.21
CUL000624,PPB000503,2026-KHARIF,2.53,Paddy,64.41
CUL000625,PPB000504,2026-KHARIF,3.81,Groundnut,35.2
CUL000626,PPB000505,2026-KHARIF,3.27,Paddy,70.32
CUL000627,PPB000506,2026-KHARIF,0.88,Paddy,20.36
CUL000628,PPB000507,2026-KHARIF,0.54,Soybean,3.96
CUL000629,PPB000507,2026-KHARIF,0.52,Paddy,10.41
CUL000630,PPB000508,2026-KHARIF,4.62,Soybean,31.08
CUL000631,PPB000509,2026-KHARIF,0.62,Groundnut,4.74
CUL000632,PPB000510,2026-KHARIF,3.02,Groundnut,20.35
CUL000633,PPB000511,2026-KHARIF,0.7,Cotton,4.23
CUL000634,PPB000511,2026-KHARIF,1.14,Cotton,7.58
CUL000635,PPB000512,2026-KHARIF,1.21,Maize,27.65
CUL000636,PPB000513,2026-KHARIF,7.02,Groundnut,72.21
CUL000637,PPB000513,2026-KHARIF,1.69,Paddy,40.67
CUL000638,PPB000514,2026-KHARIF,3.82,Groundnut,35.72
CUL000639,PPB000515,2026-KHARIF,1.7,Paddy,47.13
CUL000640,PPB000516,2026-KHARIF,0.86,Paddy,19.5
CUL000641,PPB000517,2026-KHARIF,8.45,Soybean,52.93
CUL000642,PPB000518,2026-KHARIF,4.92,Groundnut,51.32
CUL000643,PPB000519,2026-KHARIF,3.29,Cotton,25.82
CUL000644,PPB000520,2026-KHARIF,3.12,Soybean,23.38
CUL000645,PPB000521,2026-KHARIF,4.74,Soybean,40.72
CUL000646,PPB000522,2026-KHARIF,4.52,Paddy,108.47
CUL000647,PPB000523,2026-KHARIF,1.42,Paddy,30.41
CUL000648,PPB000524,2026-KHARIF,4.02,Cotton,27.75
CUL000649,PPB000524,2026-KHARIF,1.37,Cotton,7.71
CUL000650,PPB000525,2026-KHARIF,0.66,Soybean,5.8
CUL000651,PPB000526,2026-KHARIF,1.34,Groundnut,11.5
CUL000652,PPB000527,2026-KHARIF,2.66,Cotton,11.51
CUL000653,PPB000528,2026-KHARIF,4.1,Cotton,31.91
CUL000654,PPB000529,2026-KHARIF,1.21,Cotton,8.51
CUL000655,PPB000529,2026-KHARIF,3.4,Paddy,74.34
CUL000656,PPB000530,2026-KHARIF,1.34,Cotton,7.18
CUL000657,PPB000531,2026-KHARIF,3.23,Paddy,86.2
CUL000658,PPB000532,2026-KHARIF,1.77,Soybean,15.86
CUL000659,PPB000532,2026-KHARIF,1.87,Groundnut,17.68
CUL000660,PPB000533,2026-KHARIF,4.48,Paddy,106.1
CUL000661,PPB000534,2026-KHARIF,4.43,Cotton,23.6
CUL000662,PPB000535,2026-KHARIF,1.25,Paddy,33.42
CUL000663,PPB000536,2026-KHARIF,0.58,Paddy,17.36
CUL000664,PPB000537,2026-KHARIF,0.95,Maize,16.23
CUL000665,PPB000538,2026-KHARIF,0.97,Groundnut,7.32
CUL000666,PPB000539,2026-KHARIF,8.62,Paddy,206.42
CUL000667,PPB000540,2026-KHARIF,1.86,Paddy,38.88
CUL000668,PPB000541,2026-KHARIF,4.6,Paddy,117.04
CUL000669,PPB000541,2026-KHARIF,2.44,Maize,42.48
CUL000670,PPB000542,2026-KHARIF,2.47,Maize,49.22
CUL000671,PPB000543,2026-KHARIF,0.98,Cotton,7.84
CUL000672,PPB000544,2026-KHARIF,1.85,Paddy,50.38
CUL000673,PPB000545,2026-KHARIF,7.63,Groundnut,80.63
CUL000674,PPB000546,2026-KHARIF,1.68,Cotton,13.38
CUL000675,PPB000546,2026-KHARIF,0.49,Groundnut,5.46
CUL000676,PPB000547,2026-KHARIF,0.52,Maize,8.89
CUL000677,PPB000548,2026-KHARIF,7.91,Paddy,204.56
CUL000678,PPB000549,2026-KHARIF,4.88,Paddy,124.43
CUL000679,PPB000550,2026-KHARIF,1.69,Soybean,11.27
CUL000680,PPB000551,2026-KHARIF,2.74,Cotton,19.98
CUL000681,PPB000551,2026-KHARIF,3.93,Soybean,37.66
CUL000682,PPB000552,2026-KHARIF,1.47,Groundnut,15.81
CUL000683,PPB000553,2026-KHARIF,3.19,Paddy,73.73
CUL000684,PPB000554,2026-KHARIF,4.95,Groundnut,48.69
CUL000685,PPB000555,2026-KHARIF,0.67,Cotton,3.29
CUL000686,PPB000556,2026-KHARIF,4.57,Cotton,33.6
CUL000687,PPB000556,2026-KHARIF,2.33,Soybean,13.92
CUL000688,PPB000557,2026-KHARIF,8.69,Groundnut,83.53
CUL000689,PPB000558,2026-KHARIF,1.18,Soybean,7.52
CUL000690,PPB000559,2026-KHARIF,3.54,Paddy,79.83
CUL000691,PPB000560,2026-KHARIF,5.34,Cotton,24.14
CUL000692,PPB000561,2026-KHARIF,9.2,Paddy,260.32
CUL000693,PPB000561,2026-KHARIF,0.53,Cotton,2.62
CUL000694,PPB000562,2026-KHARIF,3.2,Paddy,80.62
CUL000695,PPB000562,2026-KHARIF,0.8,Maize,15.41
CUL000696,PPB000563,2026-KHARIF,7.1,Maize,168.61
CUL000697,PPB000564,2026-KHARIF,4.93,Maize,91.76
CUL000698,PPB000565,2026-KHARIF,6.97,Paddy,196.43
CUL000699,PPB000565,2026-KHARIF,0.76,Soybean,4.39
CUL000700,PPB000566,2026-KHARIF,0.73,Maize,11.68
CUL000701,PPB000566,2026-KHARIF,0.93,Maize,16.31
CUL000702,PPB000567,2026-KHARIF,2.13,Soybean,16.07
CUL000703,PPB000568,2026-KHARIF,2.3,Paddy,57.16
CUL000704,PPB000569,2026-KHARIF,3.43,Groundnut,33.84
CUL000705,PPB000569,2026-KHARIF,0.99,Maize,24.59
CUL000706,PPB000570,2026-KHARIF,0.93,Paddy,19.68
CUL000707,PPB000571,2026-KHARIF,7.27,Paddy,203.11
CUL000708,PPB000572,2026-KHARIF,3.82,Cotton,19.84
CUL000709,PPB000572,2026-KHARIF,0.71,Groundnut,7.4
CUL000710,PPB000573,2026-KHARIF,3.88,Maize,67.27
CUL000711,PPB000574,2026-KHARIF,4.72,Paddy,96.92
CUL000712,PPB000575,2026-KHARIF,1.49,Paddy,38.82
CUL000713,PPB000576,2026-KHARIF,3.52,Groundnut,33.39
CUL000714,PPB000577,2026-KHARIF,7.99,Cotton,50.31
CUL000715,PPB000578,2026-KHARIF,5.45,Soybean,54.28
CUL000716,PPB000579,2026-KHARIF,2.49,Groundnut,25.49
CUL000717,PPB000580,2026-KHARIF,7.19,Groundnut,78.0
CUL000718,PPB000580,2026-KHARIF,1.83,Cotton,13.4
CUL000719,PPB000581,2026-KHARIF,0.71,Groundnut,5.52
CUL000720,PPB000581,2026-KHARIF,1.37,Cotton,8.65
CUL000721,PPB000582,2026-KHARIF,1.44,Groundnut,9.53
CUL000722,PPB000583,2026-KHARIF,6.02,Cotton,37.79
CUL000723,PPB000584,2026-KHARIF,6.43,Maize,103.42
CUL000724,PPB000585,2026-KHARIF,1.91,Maize,43.48
CUL000725,PPB000586,2026-KHARIF,4.24,Groundnut,49.88
CUL000726,PPB000586,2026-KHARIF,0.77,Groundnut,7.85
CUL000727,PPB000587,2026-KHARIF,1.53,Paddy,37.59
CUL000728,PPB000587,2026-KHARIF,2.63,Paddy,69.48
CUL000729,PPB000588,2026-KHARIF,0.92,Cotton,5.75
CUL000730,PPB000589,2026-KHARIF,1.58,Maize,28.85
CUL000731,PPB000590,2026-KHARIF,5.99,Groundnut,40.92
CUL000732,PPB000591,2026-KHARIF,6.63,Cotton,48.48
CUL000733,PPB000592,2026-KHARIF,7.96,Paddy,237.34
CUL000734,PPB000593,2026-KHARIF,3.15,Groundnut,34.11
CUL000735,PPB000593,2026-KHARIF,4.12,Soybean,32.76
CUL000736,PPB000594,2026-KHARIF,5.4,Maize,104.44
CUL000737,PPB000595,2026-KHARIF,0.6,Groundnut,4.98
CUL000738,PPB000596,2026-KHARIF,2.59,Paddy,75.72
CUL000739,PPB000596,2026-KHARIF,1.25,Groundnut,11.11
CUL000740,PPB000597,2026-KHARIF,1.01,Maize,22.89
CUL000741,PPB000597,2026-KHARIF,3.84,Cotton,24.14
CUL000742,PPB000598,2026-KHARIF,2.27,Maize,51.69
CUL000743,PPB000599,2026-KHARIF,1.49,Maize,31.11
CUL000744,PPB000599,2026-KHARIF,0.76,Groundnut,5.8
CUL000745,PPB000600,2026-KHARIF,2.43,Maize,48.08
CUL000746,PPB000601,2026-KHARIF,0.5,Groundnut,4.3
CUL000747,PPB000602,2026-KHARIF,7.55,Soybean,40.11
CUL000748,PPB000602,2026-KHARIF,0.51,Soybean,3.83
CUL000749,PPB000603,2026-KHARIF,1.0,Maize,23.14
CUL000750,PPB000604,2026-KHARIF,2.36,Paddy,48.33
CUL000751,PPB000605,2026-KHARIF,2.92,Paddy,76.27
CUL000752,PPB000606,2026-KHARIF,0.77,Groundnut,4.96
CUL000753,PPB000607,2026-KHARIF,0.95,Soybean,8.42
CUL000754,PPB000608,2026-KHARIF,5.01,Soybean,41.13
CUL000755,PPB000609,2026-KHARIF,0.93,Cotton,4.54
CUL000756,PPB000610,2026-KHARIF,1.35,Soybean,9.72
CUL000757,PPB000611,2026-KHARIF,1.81,Paddy,49.13
CUL000758,PPB000612,2026-KHARIF,1.73,Soybean,15.25
CUL000759,PPB000613,2026-KHARIF,0.89,Groundnut,6.07
CUL000760,PPB000614,2026-KHARIF,1.94,Paddy,53.27
CUL000761,PPB000615,2026-KHARIF,6.43,Soybean,61.82
CUL000762,PPB000615,2026-KHARIF,2.12,Maize,43.79
CUL000763,PPB000616,2026-KHARIF,3.14,Cotton,12.85
CUL000764,PPB000617,2026-KHARIF,0.86,Maize,14.61
CUL000765,PPB000618,2026-KHARIF,1.01,Maize,24.79
CUL000766,PPB000618,2026-KHARIF,0.87,Maize,14.81
CUL000767,PPB000619,2026-KHARIF,0.87,Groundnut,10.06
CUL000768,PPB000619,2026-KHARIF,1.69,Maize,39.71
CUL000769,PPB000620,2026-KHARIF,5.83,Paddy,151.75
CUL000770,PPB000621,2026-KHARIF,3.51,Maize,78.99
CUL000771,PPB000622,2026-KHARIF,6.11,Cotton,27.67
CUL000772,PPB000623,2026-KHARIF,1.24,Cotton,6.82
CUL000773,PPB000623,2026-KHARIF,0.52,Soybean,2.79
CUL000774,PPB000624,2026-KHARIF,2.74,Groundnut,17.25
CUL000775,PPB000625,2026-KHARIF,3.6,Cotton,15.09
CUL000776,PPB000626,2026-KHARIF,2.38,Paddy,70.76
CUL000777,PPB000626,2026-KHARIF,0.88,Cotton,4.52
CUL000778,PPB000627,2026-KHARIF,2.2,Maize,48.01
CUL000779,PPB000628,2026-KHARIF,3.2,Groundnut,21.28
CUL000780,PPB000629,2026-KHARIF,8.36,Soybean,69.69
CUL000781,PPB000630,2026-KHARIF,1.85,Paddy,37.26
CUL000782,PPB000631,2026-KHARIF,1.82,Soybean,17.24
CUL000783,PPB000632,2026-KHARIF,0.83,Maize,14.62
CUL000784,PPB000633,2026-KHARIF,0.86,Groundnut,6.92
CUL000785,PPB000633,2026-KHARIF,1.51,Groundnut,13.03
CUL000786,PPB000634,2026-KHARIF,6.43,Maize,152.7
CUL000787,PPB000634,2026-KHARIF,0.72,Paddy,20.51
CUL000788,PPB000635,2026-KHARIF,1.76,Cotton,9.92
CUL000789,PPB000636,2026-KHARIF,2.16,Soybean,21.17
CUL000790,PPB000637,2026-KHARIF,2.71,Groundnut,25.12
CUL000791,PPB000638,2026-KHARIF,2.54,Paddy,62.32
CUL000792,PPB000638,2026-KHARIF,2.27,Soybean,21.12
CUL000793,PPB000639,2026-KHARIF,2.67,Soybean,20.27
CUL000794,PPB000639,2026-KHARIF,5.78,Paddy,136.7
CUL000795,PPB000640,2026-KHARIF,3.26,Maize,51.65
CUL000796,PPB000641,2026-KHARIF,1.21,Cotton,6.43
CUL000797,PPB000642,2026-KHARIF,1.21,Soybean,10.16
CUL000798,PPB000643,2026-KHARIF,0.64,Cotton,3.94
CUL000799,PPB000644,2026-KHARIF,3.01,Cotton,16.92
CUL000800,PPB000645,2026-KHARIF,0.95,Groundnut,9.41
CUL000801,PPB000646,2026-KHARIF,1.17,Groundnut,7.99
CUL000802,PPB000647,2026-KHARIF,1.04,Groundnut,12.2
CUL000803,PPB000648,2026-KHARIF,1.04,Groundnut,10.04
CUL000804,PPB000649,2026-KHARIF,1.66,Paddy,49.02
CUL000805,PPB000650,2026-KHARIF,1.03,Paddy,29.36
CUL000806,PPB000651,2026-KHARIF,5.03,Maize,108.76
CUL000807,PPB000652,2026-KHARIF,8.07,Groundnut,83.13
CUL000808,PPB000653,2026-KHARIF,3.89,Cotton,25.65
CUL000809,PPB000654,2026-KHARIF,6.81,Cotton,50.29
CUL000810,PPB000655,2026-KHARIF,1.57,Cotton,8.46
CUL000811,PPB000656,2026-KHARIF,7.51,Paddy,202.42
CUL000812,PPB000656,2026-KHARIF,0.4,Cotton,3.08
CUL000813,PPB000657,2026-KHARIF,8.38,Soybean,60.65
CUL000814,PPB000658,2026-KHARIF,0.99,Maize,15.11
CUL000815,PPB000658,2026-KHARIF,1.44,Cotton,7.95
CUL000816,PPB000659,2026-KHARIF,3.68,Paddy,100.07
CUL000817,PPB000660,2026-KHARIF,3.14,Groundnut,28.12
CUL000818,PPB000660,2026-KHARIF,1.69,Groundnut,15.97
CUL000819,PPB000661,2026-KHARIF,2.16,Maize,50.48
CUL000820,PPB000661,2026-KHARIF,0.65,Groundnut,6.15
CUL000821,PPB000662,2026-KHARIF,9.26,Paddy,258.4
CUL000822,PPB000663,2026-KHARIF,1.28,Paddy,30.7
CUL000823,PPB000664,2026-KHARIF,4.38,Maize,81.85
CUL000824,PPB000665,2026-KHARIF,8.3,Cotton,58.28
CUL000825,PPB000666,2026-KHARIF,1.52,Groundnut,12.15
CUL000826,PPB000666,2026-KHARIF,1.03,Paddy,20.92
CUL000827,PPB000667,2026-KHARIF,0.71,Groundnut,5.01
CUL000828,PPB000668,2026-KHARIF,4.64,Cotton,23.22
CUL000829,PPB000669,2026-KHARIF,3.98,Soybean,23.8
CUL000830,PPB000669,2026-KHARIF,1.76,Groundnut,13.67
CUL000831,PPB000670,2026-KHARIF,1.52,Maize,33.19
CUL000832,PPB000671,2026-KHARIF,3.9,Maize,92.29
CUL000833,PPB000672,2026-KHARIF,3.76,Groundnut,43.64
CUL000834,PPB000673,2026-KHARIF,2.01,Cotton,8.68
CUL000835,PPB000674,2026-KHARIF,1.49,Cotton,10.27
CUL000836,PPB000675,2026-KHARIF,0.63,Cotton,3.5
CUL000837,PPB000675,2026-KHARIF,0.6,Maize,11.42
CUL000838,PPB000676,2026-KHARIF,7.72,Maize,142.3
CUL000839,PPB000677,2026-KHARIF,0.87,Groundnut,5.77
CUL000840,PPB000678,2026-KHARIF,3.62,Paddy,106.85
CUL000841,PPB000678,2026-KHARIF,2.86,Cotton,22.38
CUL000842,PPB000679,2026-KHARIF,0.6,Cotton,4.21
CUL000843,PPB000680,2026-KHARIF,3.93,Maize,59.25
CUL000844,PPB000681,2026-KHARIF,6.25,Paddy,179.86
CUL000845,PPB000682,2026-KHARIF,6.82,Paddy,198.73
CUL000846,PPB000683,2026-KHARIF,1.83,Maize,36.99
CUL000847,PPB000683,2026-KHARIF,4.88,Groundnut,36.19
CUL000848,PPB000684,2026-KHARIF,0.92,Cotton,4.45
CUL000849,PPB000685,2026-KHARIF,1.03,Cotton,5.99
CUL000850,PPB000686,2026-KHARIF,4.75,Maize,76.34
CUL000851,PPB000687,2026-KHARIF,2.45,Maize,56.78
CUL000852,PPB000688,2026-KHARIF,1.74,Groundnut,11.46
CUL000853,PPB000688,2026-KHARIF,0.47,Soybean,4.35
CUL000854,PPB000689,2026-KHARIF,0.62,Groundnut,4.71
CUL000855,PPB000690,2026-KHARIF,5.1,Paddy,116.46
CUL000856,PPB000691,2026-KHARIF,0.58,Cotton,2.73
CUL000857,PPB000692,2026-KHARIF,4.29,Paddy,115.66
CUL000858,PPB000692,2026-KHARIF,1.48,Groundnut,9.41
CUL000859,PPB000693,2026-KHARIF,3.66,Paddy,83.14
CUL000860,PPB000694,2026-KHARIF,1.39,Groundnut,12.73
CUL000861,PPB000695,2026-KHARIF,3.99,Maize,97.16
CUL000862,PPB000696,2026-KHARIF,3.49,Cotton,26.02
CUL000863,PPB000696,2026-KHARIF,2.66,Soybean,23.84
CUL000864,PPB000697,2026-KHARIF,3.61,Cotton,18.75
CUL000865,PPB000697,2026-KHARIF,0.86,Soybean,7.34
CUL000866,PPB000698,2026-KHARIF,7.37,Cotton,45.44
CUL000867,PPB000699,2026-KHARIF,4.32,Soybean,42.43
CUL000868,PPB000700,2026-KHARIF,7.06,Groundnut,54.56
CUL000869,PPB000701,2026-KHARIF,1.25,Groundnut,14.33
CUL000870,PPB000702,2026-KHARIF,2.55,Soybean,25.31
CUL000871,PPB000703,2026-KHARIF,1.34,Paddy,38.63
CUL000872,PPB000704,2026-KHARIF,0.83,Cotton,4.56
CUL000873,PPB000705,2026-KHARIF,3.86,Maize,60.71
CUL000874,PPB000706,2026-KHARIF,1.53,Paddy,42.83
CUL000875,PPB000707,2026-KHARIF,0.58,Paddy,13.48
CUL000876,PPB000708,2026-KHARIF,0.75,Maize,16.0
CUL000877,PPB000708,2026-KHARIF,3.32,Maize,72.44
CUL000878,PPB000709,2026-KHARIF,1.2,Groundnut,10.98
CUL000879,PPB000710,2026-KHARIF,1.12,Groundnut,13.41
CUL000880,PPB000710,2026-KHARIF,0.74,Soybean,7.26
CUL000881,PPB000711,2026-KHARIF,2.06,Soybean,17.71
CUL000882,PPB000712,2026-KHARIF,2.75,Maize,61.79
CUL000883,PPB000713,2026-KHARIF,1.18,Groundnut,14.05
CUL000884,PPB000714,2026-KHARIF,2.18,Cotton,10.54
CUL000885,PPB000715,2026-KHARIF,4.4,Maize,97.13
CUL000886,PPB000716,2026-KHARIF,4.41,Maize,103.03
CUL000887,PPB000717,2026-KHARIF,2.39,Maize,56.85
CUL000888,PPB000718,2026-KHARIF,2.18,Groundnut,14.29
CUL000889,PPB000719,2026-KHARIF,6.44,Paddy,162.26
CUL000890,PPB000719,2026-KHARIF,1.16,Soybean,6.73
CUL000891,PPB000720,2026-KHARIF,2.99,Groundnut,20.9
CUL000892,PPB000720,2026-KHARIF,2.5,Groundnut,25.59
CUL000893,PPB000721,2026-KHARIF,1.39,Maize,33.36
CUL000894,PPB000721,2026-KHARIF,2.25,Cotton,11.34
CUL000895,PPB000722,2026-KHARIF,2.69,Cotton,15.97
CUL000896,PPB000723,2026-KHARIF,1.49,Groundnut,17.36
CUL000897,PPB000723,2026-KHARIF,2.09,Groundnut,13.67
CUL000898,PPB000724,2026-KHARIF,0.79,Groundnut,5.88
CUL000899,PPB000724,2026-KHARIF,0.5,Paddy,12.75
CUL000900,PPB000725,2026-KHARIF,7.17,Paddy,189.68
CUL000901,PPB000726,2026-KHARIF,0.71,Maize,12.06
CUL000902,PPB000727,2026-KHARIF,4.93,Groundnut,58.17
CUL000903,PPB000728,2026-KHARIF,2.57,Maize,42.54
CUL000904,PPB000729,2026-KHARIF,1.37,Maize,33.64
CUL000905,PPB000730,2026-KHARIF,7.62,Groundnut,49.17
CUL000906,PPB000730,2026-KHARIF,0.89,Groundnut,8.28
CUL000907,PPB000731,2026-KHARIF,8.79,Cotton,58.13
CUL000908,PPB000732,2026-KHARIF,5.74,Groundnut,41.44
CUL000909,PPB000733,2026-KHARIF,1.59,Paddy,39.58
CUL000910,PPB000734,2026-KHARIF,6.96,Soybean,42.42
CUL000911,PPB000734,2026-KHARIF,1.95,Cotton,9.73
CUL000912,PPB000735,2026-KHARIF,3.12,Cotton,23.28
CUL000913,PPB000736,2026-KHARIF,1.98,Paddy,43.17
CUL000914,PPB000736,2026-KHARIF,0.7,Groundnut,6.04
CUL000915,PPB000737,2026-KHARIF,5.26,Soybean,28.14
CUL000916,PPB000738,2026-KHARIF,2.08,Groundnut,18.33
CUL000917,PPB000739,2026-KHARIF,2.95,Maize,58.71
CUL000918,PPB000739,2026-KHARIF,0.91,Cotton,4.14
CUL000919,PPB000740,2026-KHARIF,1.73,Paddy,48.65
CUL000920,PPB000741,2026-KHARIF,0.83,Cotton,4.64
CUL000921,PPB000742,2026-KHARIF,2.8,Maize,43.05
CUL000922,PPB000743,2026-KHARIF,1.93,Groundnut,17.24
CUL000923,PPB000744,2026-KHARIF,3.08,Groundnut,34.44
CUL000924,PPB000744,2026-KHARIF,1.33,Maize,29.17
CUL000925,PPB000745,2026-KHARIF,3.12,Cotton,14.78
CUL000926,PPB000746,2026-KHARIF,3.52,Paddy,77.51
CUL000927,PPB000747,2026-KHARIF,2.49,Maize,60.32
CUL000928,PPB000748,2026-KHARIF,7.54,Groundnut,59.75
CUL000929,PPB000749,2026-KHARIF,0.59,Maize,14.48
CUL000930,PPB000749,2026-KHARIF,1.15,Groundnut,13.1
CUL000931,PPB000750,2026-KHARIF,0.55,Maize,11.79
CUL000932,PPB000751,2026-KHARIF,1.67,Groundnut,17.53
CUL000933,PPB000752,2026-KHARIF,1.21,Maize,23.93
CUL000934,PPB000753,2026-KHARIF,0.85,Maize,20.5
CUL000935,PPB000754,2026-KHARIF,6.4,Paddy,141.47
CUL000936,PPB000755,2026-KHARIF,0.78,Paddy,16.73
CUL000937,PPB000755,2026-KHARIF,0.61,Maize,13.61
CUL000938,PPB000756,2026-KHARIF,1.88,Paddy,53.89
CUL000939,PPB000757,2026-KHARIF,3.46,Maize,53.75
CUL000940,PPB000757,2026-KHARIF,2.78,Paddy,58.82
CUL000941,PPB000758,2026-KHARIF,1.62,Maize,39.1
CUL000942,PPB000758,2026-KHARIF,0.55,Groundnut,5.68
CUL000943,PPB000759,2026-KHARIF,0.83,Cotton,5.52
CUL000944,PPB000759,2026-KHARIF,1.99,Soybean,19.23
CUL000945,PPB000760,2026-KHARIF,1.52,Maize,23.36
CUL000946,PPB000761,2026-KHARIF,1.48,Cotton,7.15
CUL000947,PPB000762,2026-KHARIF,0.96,Soybean,7.92
CUL000948,PPB000763,2026-KHARIF,1.38,Paddy,29.66
CUL000949,PPB000764,2026-KHARIF,1.06,Paddy,24.22
CUL000950,PPB000765,2026-KHARIF,5.66,Maize,137.08
CUL000951,PPB000765,2026-KHARIF,2.73,Groundnut,27.27
CUL000952,PPB000766,2026-KHARIF,0.93,Cotton,5.12
CUL000953,PPB000767,2026-KHARIF,5.73,Groundnut,41.04
CUL000954,PPB000768,2026-KHARIF,4.16,Cotton,28.65
CUL000955,PPB000769,2026-KHARIF,4.46,Paddy,125.12
CUL000956,PPB000770,2026-KHARIF,7.14,Groundnut,68.38
CUL000957,PPB000771,2026-KHARIF,6.12,Groundnut,54.95
CUL000958,PPB000772,2026-KHARIF,3.9,Maize,96.29
CUL000959,PPB000773,2026-KHARIF,0.81,Maize,15.58
CUL000960,PPB000774,2026-KHARIF,3.62,Groundnut,29.68
CUL000961,PPB000775,2026-KHARIF,6.27,Maize,107.34
CUL000962,PPB000776,2026-KHARIF,2.22,Paddy,64.12
CUL000963,PPB000777,2026-KHARIF,0.65,Soybean,6.27
CUL000964,PPB000778,2026-KHARIF,0.75,Groundnut,5.23
CUL000965,PPB000778,2026-KHARIF,0.79,Soybean,5.05
CUL000966,PPB000779,2026-KHARIF,0.87,Paddy,21.26
CUL000967,PPB000780,2026-KHARIF,2.1,Groundnut,12.88
CUL000968,PPB000781,2026-KHARIF,0.88,Cotton,5.39
CUL000969,PPB000782,2026-KHARIF,2.01,Cotton,15.7
CUL000970,PPB000783,2026-KHARIF,5.86,Paddy,130.2
CUL000971,PPB000784,2026-KHARIF,0.64,Paddy,13.6
CUL000972,PPB000785,2026-KHARIF,5.74,Soybean,56.15
CUL000973,PPB000786,2026-KHARIF,1.26,Cotton,8.18
CUL000974,PPB000786,2026-KHARIF,0.8,Groundnut,8.05
CUL000975,PPB000787,2026-KHARIF,2.58,Soybean,23.78
CUL000976,PPB000788,2026-KHARIF,1.59,Paddy,33.98
CUL000977,PPB000789,2026-KHARIF,2.28,Paddy,48.12
CUL000978,PPB000790,2026-KHARIF,2.75,Groundnut,18.52
CUL000979,PPB000791,2026-KHARIF,0.64,Soybean,4.97
CUL000980,PPB000792,2026-KHARIF,1.34,Cotton,9.45
CUL000981,PPB000793,2026-KHARIF,2.87,Soybean,21.76
CUL000982,PPB000794,2026-KHARIF,1.55,Cotton,8.98
CUL000983,PPB000795,2026-KHARIF,3.27,Paddy,97.26
CUL000984,PPB000796,2026-KHARIF,4.52,Maize,90.78
CUL000985,PPB000797,2026-KHARIF,0.98,Maize,15.23
CUL000986,PPB000797,2026-KHARIF,0.56,Cotton,2.42
CUL000987,PPB000798,2026-KHARIF,5.73,Cotton,31.2
CUL000988,PPB000799,2026-KHARIF,0.88,Maize,20.25
CUL000989,PPB000800,2026-KHARIF,1.19,Maize,18.15
CUL000990,PPB000801,2026-KHARIF,1.5,Groundnut,16.73
CUL000991,PPB000801,2026-KHARIF,3.21,Soybean,22.89
CUL000992,PPB000802,2026-KHARIF,0.98,Soybean,5.05
CUL000993,PPB000802,2026-KHARIF,0.48,Paddy,11.2
CUL000994,PPB000803,2026-KHARIF,3.54,Maize,82.22
CUL000995,PPB000804,2026-KHARIF,1.8,Soybean,17.01
CUL000996,PPB000805,2026-KHARIF,4.87,Paddy,114.6
CUL000997,PPB000805,2026-KHARIF,0.53,Maize,12.35
CUL000998,PPB000806,2026-KHARIF,0.51,Paddy,15.2
CUL000999,PPB000806,2026-KHARIF,0.61,Soybean,3.36
CUL001000,PPB000807,2026-KHARIF,2.76,Paddy,76.04
CUL001001,PPB000808,2026-KHARIF,0.63,Groundnut,5.62
CUL001002,PPB000809,2026-KHARIF,0.99,Cotton,4.11
CUL001003,PPB000809,2026-KHARIF,2.74,Cotton,17.38
CUL001004,PPB000810,2026-KHARIF,7.69,Groundnut,81.08
CUL001005,PPB000811,2026-KHARIF,3.06,Cotton,15.29
CUL001006,PPB000812,2026-KHARIF,3.33,Maize,51.36
CUL001007,PPB000813,2026-KHARIF,5.98,Cotton,39.39
CUL001008,PPB000814,2026-KHARIF,2.73,Soybean,24.34
CUL001009,PPB000815,2026-KHARIF,3.03,Paddy,66.62
CUL001010,PPB000815,2026-KHARIF,1.05,Paddy,29.54
CUL001011,PPB000816,2026-KHARIF,2.86,Cotton,12.61
CUL001012,PPB000816,2026-KHARIF,1.45,Paddy,31.15
CUL001013,PPB000817,2026-KHARIF,2.52,Paddy,62.62
CUL001014,PPB000817,2026-KHARIF,3.08,Maize,53.39
CUL001015,PPB000818,2026-KHARIF,2.66,Soybean,15.73
CUL001016,PPB000819,2026-KHARIF,1.0,Paddy,29.96
CUL001017,PPB000820,2026-KHARIF,1.03,Paddy,27.93
CUL001018,PPB000821,2026-KHARIF,2.0,Soybean,18.48
CUL001019,PPB000822,2026-KHARIF,0.56,Soybean,2.94
CUL001020,PPB000823,2026-KHARIF,2.64,Groundnut,29.21
CUL001021,PPB000823,2026-KHARIF,0.5,Soybean,2.64
CUL001022,PPB000824,2026-KHARIF,1.68,Paddy,44.2
CUL001023,PPB000825,2026-KHARIF,1.33,Groundnut,15.51
CUL001024,PPB000826,2026-KHARIF,2.64,Groundnut,24.89
CUL001025,PPB000827,2026-KHARIF,5.17,Paddy,107.72
CUL001026,PPB000827,2026-KHARIF,0.5,Paddy,13.65
CUL001027,PPB000828,2026-KHARIF,7.09,Groundnut,43.84
CUL001028,PPB000829,2026-KHARIF,8.22,Soybean,77.85
CUL001029,PPB000830,2026-KHARIF,2.74,Maize,61.86
CUL001030,PPB000831,2026-KHARIF,7.31,Cotton,44.5
CUL001031,PPB000831,2026-KHARIF,0.41,Maize,8.49
CUL001032,PPB000832,2026-KHARIF,7.08,Cotton,40.71
CUL001033,PPB000833,2026-KHARIF,3.83,Paddy,107.69
CUL001034,PPB000834,2026-KHARIF,4.05,Soybean,29.85
CUL001035,PPB000835,2026-KHARIF,6.22,Maize,145.68
CUL001036,PPB000835,2026-KHARIF,1.4,Paddy,32.19
CUL001037,PPB000836,2026-KHARIF,1.02,Paddy,29.93
CUL001038,PPB000836,2026-KHARIF,2.88,Soybean,24.11
CUL001039,PPB000837,2026-KHARIF,6.26,Groundnut,62.74
CUL001040,PPB000838,2026-KHARIF,0.76,Soybean,6.0
CUL001041,PPB000839,2026-KHARIF,6.15,Paddy,139.43
CUL001042,PPB000839,2026-KHARIF,1.88,Maize,41.61
CUL001043,PPB000840,2026-KHARIF,4.64,Paddy,129.46
CUL001044,PPB000841,2026-KHARIF,0.8,Soybean,4.18
CUL001045,PPB000841,2026-KHARIF,2.22,Maize,37.23
CUL001046,PPB000842,2026-KHARIF,4.69,Groundnut,43.85
CUL001047,PPB000843,2026-KHARIF,4.85,Cotton,21.48
CUL001048,PPB000844,2026-KHARIF,3.63,Soybean,21.45
CUL001049,PPB000844,2026-KHARIF,1.63,Groundnut,18.84
CUL001050,PPB000845,2026-KHARIF,6.15,Soybean,42.55
CUL001051,PPB000846,2026-KHARIF,1.26,Groundnut,10.81
CUL001052,PPB000847,2026-KHARIF,3.32,Cotton,15.29
CUL001053,PPB000848,2026-KHARIF,0.51,Groundnut,4.09
CUL001054,PPB000848,2026-KHARIF,0.57,Maize,14.14
CUL001055,PPB000849,2026-KHARIF,5.93,Maize,137.9
CUL001056,PPB000850,2026-KHARIF,2.51,Groundnut,16.94
CUL001057,PPB000850,2026-KHARIF,2.91,Groundnut,34.22
CUL001058,PPB000851,2026-KHARIF,2.2,Soybean,16.86
CUL001059,PPB000852,2026-KHARIF,1.34,Soybean,7.62
CUL001060,PPB000853,2026-KHARIF,1.64,Maize,40.85
CUL001061,PPB000854,2026-KHARIF,2.87,Paddy,69.6
CUL001062,PPB000854,2026-KHARIF,1.17,Paddy,24.44
CUL001063,PPB000855,2026-KHARIF,1.53,Paddy,39.57
CUL001064,PPB000856,2026-KHARIF,1.98,Groundnut,19.48
CUL001065,PPB000857,2026-KHARIF,7.19,Maize,159.24
CUL001066,PPB000858,2026-KHARIF,1.69,Soybean,14.53
CUL001067,PPB000859,2026-KHARIF,1.28,Maize,19.76
CUL001068,PPB000860,2026-KHARIF,1.92,Groundnut,12.61
CUL001069,PPB000861,2026-KHARIF,7.57,Paddy,220.29
CUL001070,PPB000862,2026-KHARIF,2.18,Cotton,15.26
CUL001071,PPB000863,2026-KHARIF,1.35,Paddy,35.32
CUL001072,PPB000863,2026-KHARIF,2.43,Paddy,69.81
CUL001073,PPB000864,2026-KHARIF,2.94,Groundnut,24.99
CUL001074,PPB000865,2026-KHARIF,4.11,Soybean,38.97
CUL001075,PPB000866,2026-KHARIF,1.52,Maize,33.44
CUL001076,PPB000867,2026-KHARIF,2.26,Paddy,64.78
CUL001077,PPB000868,2026-KHARIF,8.08,Maize,129.03
CUL001078,PPB000868,2026-KHARIF,0.58,Cotton,3.28
CUL001079,PPB000869,2026-KHARIF,1.07,Cotton,6.94
CUL001080,PPB000870,2026-KHARIF,3.31,Cotton,20.47
CUL001081,PPB000870,2026-KHARIF,1.22,Groundnut,11.84
CUL001082,PPB000871,2026-KHARIF,3.35,Groundnut,28.06
CUL001083,PPB000872,2026-KHARIF,2.92,Groundnut,24.2
CUL001084,PPB000872,2026-KHARIF,2.01,Paddy,46.78
CUL001085,PPB000873,2026-KHARIF,8.55,Paddy,180.46
CUL001086,PPB000874,2026-KHARIF,6.31,Maize,98.35
CUL001087,PPB000875,2026-KHARIF,2.55,Maize,56.02
CUL001088,PPB000876,2026-KHARIF,1.65,Paddy,38.8
CUL001089,PPB000877,2026-KHARIF,2.05,Soybean,17.25
CUL001090,PPB000878,2026-KHARIF,1.46,Groundnut,13.47
CUL001091,PPB000879,2026-KHARIF,2.04,Cotton,10.19
CUL001092,PPB000879,2026-KHARIF,5.78,Maize,92.48
CUL001093,PPB000880,2026-KHARIF,1.67,Groundnut,10.58
CUL001094,PPB000881,2026-KHARIF,0.54,Paddy,14.01
CUL001095,PPB000881,2026-KHARIF,3.26,Cotton,23.56
CUL001096,PPB000882,2026-KHARIF,2.37,Groundnut,17.78
CUL001097,PPB000883,2026-KHARIF,2.48,Soybean,24.78
CUL001098,PPB000884,2026-KHARIF,3.87,Groundnut,37.46
CUL001099,PPB000885,2026-KHARIF,1.33,Paddy,30.95
CUL001100,PPB000885,2026-KHARIF,0.65,Maize,9.84
CUL001101,PPB000886,2026-KHARIF,1.51,Cotton,9.0
CUL001102,PPB000887,2026-KHARIF,2.11,Paddy,54.25
CUL001103,PPB000887,2026-KHARIF,2.56,Cotton,18.1
CUL001104,PPB000888,2026-KHARIF,2.15,Groundnut,23.29
CUL001105,PPB000889,2026-KHARIF,3.65,Maize,86.03
CUL001106,PPB000890,2026-KHARIF,1.64,Soybean,15.38
CUL001107,PPB000891,2026-KHARIF,6.17,Maize,140.09
CUL001108,PPB000892,2026-KHARIF,0.92,Paddy,19.4
CUL001109,PPB000893,2026-KHARIF,4.67,Cotton,22.96
CUL001110,PPB000894,2026-KHARIF,0.52,Soybean,3.02
CUL001111,PPB000895,2026-KHARIF,1.29,Maize,23.14
CUL001112,PPB000896,2026-KHARIF,1.86,Soybean,15.75
CUL001113,PPB000896,2026-KHARIF,1.13,Soybean,6.41
CUL001114,PPB000897,2026-KHARIF,5.73,Soybean,29.45
CUL001115,PPB000898,2026-KHARIF,2.14,Paddy,44.78
CUL001116,PPB000899,2026-KHARIF,5.4,Groundnut,53.12
CUL001117,PPB000900,2026-KHARIF,0.54,Groundnut,3.29
CUL001118,PPB000901,2026-KHARIF,2.25,Soybean,16.66
CUL001119,PPB000901,2026-KHARIF,0.86,Groundnut,5.82
CUL001120,PPB000902,2026-KHARIF,1.5,Groundnut,16.94
CUL001121,PPB000903,2026-KHARIF,1.57,Paddy,46.02
CUL001122,PPB000904,2026-KHARIF,1.95,Soybean,17.48
CUL001123,PPB000905,2026-KHARIF,5.14,Soybean,27.66
CUL001124,PPB000906,2026-KHARIF,5.69,Paddy,125.4
CUL001125,PPB000907,2026-KHARIF,1.65,Soybean,11.07
CUL001126,PPB000908,2026-KHARIF,3.05,Groundnut,31.65
CUL001127,PPB000908,2026-KHARIF,4.24,Groundnut,26.66
CUL001128,PPB000909,2026-KHARIF,6.42,Maize,119.96
CUL001129,PPB000910,2026-KHARIF,8.51,Maize,154.01
CUL001130,PPB000911,2026-KHARIF,1.23,Maize,24.64
CUL001131,PPB000912,2026-KHARIF,1.48,Cotton,6.2
CUL001132,PPB000913,2026-KHARIF,2.11,Cotton,10.85
CUL001133,PPB000913,2026-KHARIF,2.47,Maize,58.54
CUL001134,PPB000914,2026-KHARIF,0.66,Maize,10.92
CUL001135,PPB000915,2026-KHARIF,0.89,Groundnut,8.62
CUL001136,PPB000915,2026-KHARIF,0.85,Soybean,7.15
CUL001137,PPB000916,2026-KHARIF,3.14,Soybean,27.7
CUL001138,PPB000917,2026-KHARIF,5.1,Maize,101.45
CUL001139,PPB000918,2026-KHARIF,1.6,Groundnut,14.77
CUL001140,PPB000919,2026-KHARIF,3.7,Soybean,25.04
CUL001141,PPB000920,2026-KHARIF,1.71,Paddy,47.9
CUL001142,PPB000921,2026-KHARIF,4.43,Soybean,43.47
CUL001143,PPB000922,2026-KHARIF,1.2,Maize,18.4
CUL001144,PPB000923,2026-KHARIF,3.31,Groundnut,29.85
CUL001145,PPB000924,2026-KHARIF,1.11,Maize,20.32
CUL001146,PPB000925,2026-KHARIF,7.77,Paddy,158.18
CUL001147,PPB000926,2026-KHARIF,3.11,Soybean,22.4
CUL001148,PPB000927,2026-KHARIF,3.01,Paddy,85.56
CUL001149,PPB000928,2026-KHARIF,2.72,Cotton,13.64
CUL001150,PPB000929,2026-KHARIF,1.39,Soybean,7.32
CUL001151,PPB000930,2026-KHARIF,7.79,Cotton,52.61
CUL001152,PPB000931,2026-KHARIF,4.94,Maize,96.35
CUL001153,PPB000931,2026-KHARIF,2.4,Paddy,48.37
CUL001154,PPB000932,2026-KHARIF,0.67,Groundnut,4.52
CUL001155,PPB000933,2026-KHARIF,3.79,Groundnut,37.77
CUL001156,PPB000934,2026-KHARIF,5.53,Groundnut,52.4
CUL001157,PPB000934,2026-KHARIF,1.22,Groundnut,11.09
CUL001158,PPB000935,2026-KHARIF,2.54,Groundnut,16.17
CUL001159,PPB000936,2026-KHARIF,3.98,Maize,93.03
CUL001160,PPB000937,2026-KHARIF,1.69,Soybean,14.2
CUL001161,PPB000938,2026-KHARIF,1.65,Paddy,46.37
CUL001162,PPB000939,2026-KHARIF,5.01,Maize,88.57
CUL001163,PPB000939,2026-KHARIF,1.71,Groundnut,16.92
CUL001164,PPB000940,2026-KHARIF,1.35,Maize,23.47
CUL001165,PPB000940,2026-KHARIF,3.59,Maize,88.88
CUL001166,PPB000941,2026-KHARIF,0.6,Maize,14.66
CUL001167,PPB000941,2026-KHARIF,2.09,Maize,42.16
CUL001168,PPB000942,2026-KHARIF,2.18,Groundnut,25.17
CUL001169,PPB000943,2026-KHARIF,0.97,Paddy,27.32
CUL001170,PPB000944,2026-KHARIF,0.67,Maize,16.01
CUL001171,PPB000945,2026-KHARIF,1.07,Groundnut,8.9
CUL001172,PPB000946,2026-KHARIF,0.75,Paddy,21.83
CUL001173,PPB000946,2026-KHARIF,0.45,Groundnut,4.51
CUL001174,PPB000947,2026-KHARIF,6.98,Paddy,140.38
CUL001175,PPB000947,2026-KHARIF,0.67,Cotton,3.19
CUL001176,PPB000948,2026-KHARIF,6.36,Cotton,27.01
CUL001177,PPB000948,2026-KHARIF,1.22,Groundnut,9.44
CUL001178,PPB000949,2026-KHARIF,5.97,Paddy,154.6
CUL001179,PPB000950,2026-KHARIF,7.18,Cotton,40.82
CUL001180,PPB000951,2026-KHARIF,0.76,Cotton,4.28
CUL001181,PPB000952,2026-KHARIF,1.87,Paddy,38.05
CUL001182,PPB000953,2026-KHARIF,2.36,Paddy,57.99
CUL001183,PPB000954,2026-KHARIF,5.24,Paddy,124.19
CUL001184,PPB000954,2026-KHARIF,0.45,Cotton,3.51
CUL001185,PPB000955,2026-KHARIF,1.28,Paddy,29.84
CUL001186,PPB000955,2026-KHARIF,0.96,Paddy,23.38
CUL001187,PPB000956,2026-KHARIF,4.48,Paddy,92.91
CUL001188,PPB000956,2026-KHARIF,4.98,Soybean,47.71
CUL001189,PPB000957,2026-KHARIF,6.11,Paddy,165.22
CUL001190,PPB000958,2026-KHARIF,2.06,Paddy,57.84
CUL001191,PPB000959,2026-KHARIF,1.31,Groundnut,14.29
CUL001192,PPB000960,2026-KHARIF,5.71,Soybean,29.75
CUL001193,PPB000961,2026-KHARIF,3.85,Groundnut,40.66
CUL001194,PPB000962,2026-KHARIF,1.5,Maize,26.91
CUL001195,PPB000962,2026-KHARIF,0.62,Groundnut,6.42
CUL001196,PPB000963,2026-KHARIF,1.43,Groundnut,12.52
CUL001197,PPB000963,2026-KHARIF,0.57,Maize,11.63
CUL001198,PPB000964,2026-KHARIF,0.78,Soybean,6.95
CUL001199,PPB000965,2026-KHARIF,0.91,Cotton,6.56
CUL001200,PPB000966,2026-KHARIF,1.82,Soybean,16.78
CUL001201,PPB000966,2026-KHARIF,3.64,Soybean,18.63
CUL001202,PPB000967,2026-KHARIF,1.29,Paddy,27.51
CUL001203,PPB000968,2026-KHARIF,3.45,Groundnut,32.65
CUL001204,PPB000969,2026-KHARIF,3.56,Cotton,28.16
CUL001205,PPB000970,2026-KHARIF,4.81,Groundnut,39.5
CUL001206,PPB000971,2026-KHARIF,7.14,Soybean,48.6
CUL001207,PPB000972,2026-KHARIF,7.73,Paddy,190.2
CUL001208,PPB000973,2026-KHARIF,2.81,Paddy,75.05
CUL001209,PPB000973,2026-KHARIF,1.21,Cotton,6.7
CUL001210,PPB000974,2026-KHARIF,7.21,Paddy,183.26
CUL001211,PPB000975,2026-KHARIF,1.64,Groundnut,16.85
CUL001212,PPB000976,2026-KHARIF,1.84,Soybean,11.65
CUL001213,PPB000977,2026-KHARIF,0.6,Soybean,4.0
CUL001214,PPB000978,2026-KHARIF,4.11,Cotton,28.29
CUL001215,PPB000979,2026-KHARIF,1.67,Maize,26.81
CUL001216,PPB000980,2026-KHARIF,6.85,Cotton,40.72
CUL001217,PPB000981,2026-KHARIF,3.06,Groundnut,20.68
CUL001218,PPB000982,2026-KHARIF,0.64,Cotton,3.83
CUL001219,PPB000983,2026-KHARIF,4.3,Paddy,126.34
CUL001220,PPB000984,2026-KHARIF,0.87,Soybean,5.31
CUL001221,PPB000985,2026-KHARIF,1.93,Paddy,47.47
CUL001222,PPB000986,2026-KHARIF,6.18,Cotton,45.67
CUL001223,PPB000987,2026-KHARIF,1.17,Groundnut,8.16
CUL001224,PPB000988,2026-KHARIF,1.17,Cotton,4.7
CUL001225,PPB000989,2026-KHARIF,2.38,Groundnut,16.89
CUL001226,PPB000990,2026-KHARIF,3.11,Maize,49.45
CUL001227,PPB000991,2026-KHARIF,0.97,Groundnut,11.2
CUL001228,PPB000991,2026-KHARIF,4.91,Cotton,19.76
CUL001229,PPB000992,2026-KHARIF,0.58,Cotton,4.51
CUL001230,PPB000993,2026-KHARIF,0.79,Groundnut,6.5
CUL001231,PPB000994,2026-KHARIF,3.54,Soybean,33.38
CUL001232,PPB000995,2026-KHARIF,5.71,Paddy,132.19
CUL001233,PPB000996,2026-KHARIF,0.61,Paddy,16.74
CUL001234,PPB000996,2026-KHARIF,0.68,Soybean,3.58
CUL001235,PPB000997,2026-KHARIF,2.26,Paddy,55.65
CUL001236,PPB000998,2026-KHARIF,4.37,Paddy,87.6
CUL001237,PPB000998,2026-KHARIF,1.54,Paddy,44.31
CUL001238,PPB000999,2026-KHARIF,4.91,Cotton,33.37
CUL001239,PPB001000,2026-KHARIF,4.82,Maize,110.74
