passbook_number,farmer_name,mobile_number,village,mandal,district,survey_number,total_land_acres,latitude,longitude
PPB000001,Ramesh Yadav,9332181960,Gachibowli,Serilingampally,Hyderabad,SY000001,1.27,17.434473,78.349007
PPB000002,Srikanth Naidu,9863794026,Kondapur,Serilingampally,Hyderabad,SY000002,4.06,17.45111,78.365144
PPB000003,Suresh Reddy,9615594078,Ibrahimpatnam,Ibrahimpatnam,Rangareddy,SY000003,2.12,17.198446,78.563576
PPB000004,Naresh Varma,9593103413,Shamirpet,Shamirpet,Medchal,SY000004,8.8,17.592303,78.564068
PPB000005,Ravi Patel,9534192832,Ibrahimpatnam,Ibrahimpatnam,Rangareddy,SY000005,5.16,17.185399,78.580508
PPB000006,Mahesh Patel,9030564139,Suryapet,Suryapet,Suryapet,SY000006,8.89,17.136294,79.623109
PPB000007,Venkat Verma,9242388496,Shadnagar,Shadnagar,Rangareddy,SY000007,9.08,17.067988,78.199386
PPB000008,Srikanth Verma,9101226916,Miyapur,Serilingampally,Hyderabad,SY000008,4.43,17.505922,78.357582
PPB000009,Naresh Kumar,9184514627,Suryapet,Suryapet,Suryapet,SY000009,1.03,17.144442,79.624394
PPB000010,Arjun Rao,9814893252,Suryapet,Suryapet,Suryapet,SY000010,5.85,17.145573,79.620607
PPB000011,Prakash Patel,9701543039,Kondapur,Serilingampally,Hyderabad,SY000011,9.52,17.449713,78.35572
PPB000012,Arjun Goud,9227824896,Gachibowli,Serilingampally,Hyderabad,SY000012,9.68,17.448678,78.354005
PPB000013,Mohan Yadav,9657871331,Bachupally,Quthbullapur,Medchal,SY000013,4.04,17.547766,78.361602
PPB000014,Ramesh Reddy,9031051834,Bachupally,Quthbullapur,Medchal,SY000014,7.02,17.540285,78.359646
PPB000015,Prakash Verma,9376311656,Kodad,Kodad,Suryapet,SY000015,4.7,17.005277,79.956083
PPB000016,Ramesh Sharma,9513338726,Gachibowli,Serilingampally,Hyderabad,SY000016,2.65,17.439353,78.35639
PPB000017,Vijay Goud,9108013267,Gachibowli,Serilingampally,Hyderabad,SY000017,5.33,17.447393,78.356949
PPB000018,Rajesh Kumar,9647468723,Miyapur,Serilingampally,Hyderabad,SY000018,3.67,17.505374,78.358584
PPB000019,Ramesh Patel,9009788208,Suryapet,Suryapet,Suryapet,SY000019,1.72,17.133716,79.621901
PPB000020,Rajesh Reddy,9939909169,Bachupally,Quthbullapur,Medchal,SY000020,6.09,17.542327,78.362215
PPB000021,Mahesh Yadav,9624751079,Ibrahimpatnam,Ibrahimpatnam,Rangareddy,SY000021,9.99,17.199922,78.563465
PPB000022,Srikanth Yadav,9251354278,Bachupally,Quthbullapur,Medchal,SY000022,7.33,17.548234,78.376745
PPB000023,Ramesh Goud,9412411824,Suryapet,Suryapet,Suryapet,SY000023,3.54,17.134213,79.616858
PPB000024,Srikanth Verma,9401640052,Shamirpet,Shamirpet,Medchal,SY000024,6.73,17.589939,78.569825
PPB000025,Mohan Sharma,9801128059,Suryapet,Suryapet,Suryapet,SY000025,5.97,17.138596,79.610837
PPB000026,Venkat Kumar,9533158692,Ibrahimpatnam,Ibrahimpatnam,Rangareddy,SY000026,9.33,17.184735,78.56525
PPB000027,Venkat Sharma,9025634216,Miyapur,Serilingampally,Hyderabad,SY000027,8.85,17.503172,78.351449
PPB000028,Anil Yadav,9330365414,Nalgonda,Nalgonda,Nalgonda,SY000028,4.16,17.050188,79.27059
PPB000029,Anil Kumar,9142940196,Suryapet,Suryapet,Suryapet,SY000029,4.11,17.145729,79.618728
PPB000030,Suresh Sharma,9934060883,Suryapet,Suryapet,Suryapet,SY000030,4.28,17.131399,79.623285
PPB000031,Prakash Patel,9148465648,Ibrahimpatnam,Ibrahimpatnam,Rangareddy,SY000031,2.15,17.188409,78.580807
PPB000032,Prakash Varma,9468044369,Miyapur,Serilingampally,Hyderabad,SY000032,6.46,17.492445,78.355836
PPB000033,Srikanth Verma,9214895134,Bachupally,Quthbullapur,Medchal,SY000033,3.02,17.539983,78.357489
PPB000034,Vijay Varma,9176936763,Bachupally,Quthbullapur,Medchal,SY000034,2.33,17.549752,78.374853
PPB000035,Arjun Sharma,9328708317,Gachibowli,Serilingampally,Hyderabad,SY000035,2.2,17.439393,78.349523
PPB000036,Prakash Patel,9798687277,Suryapet,Suryapet,Suryapet,SY000036,3.33,17.134945,79.622753
PPB000037,Vijay Naidu,9471434558,Suryapet,Suryapet,Suryapet,SY000037,1.73,17.133017,79.617661
PPB000038,Mohan Naidu,9166587603,Miyapur,Serilingampally,Hyderabad,SY000038,8.5,17.49379,78.362396
PPB000039,Naresh Varma,9670546688,Kondapur,Serilingampally,Hyderabad,SY000039,8.2,17.465956,78.355765
PPB000040,Rajesh Verma,9065627298,Shamirpet,Shamirpet,Medchal,SY000040,1.24,17.59258,78.566288
PPB000041,Suresh Sharma,9272046537,Kondapur,Serilingampally,Hyderabad,SY000041,3.94,17.463225,78.353583
PPB000042,Kiran Reddy,9708053100,Shadnagar,Shadnagar,Rangareddy,SY000042,9.55,17.063987,78.195408
PPB000043,Mahesh Rao,9719374529,Miyapur,Serilingampally,Hyderabad,SY000043,6.47,17.500959,78.349291
PPB000044,Kiran Reddy,9904966319,Miyapur,Serilingampally,Hyderabad,SY000044,7.22,17.498545,78.349038
PPB000045,Naresh Varma,9190586518,Shamirpet,Shamirpet,Medchal,SY000045,6.83,17.584953,78.563401
PPB000046,Suresh Sharma,9572628498,Nalgonda,Nalgonda,Nalgonda,SY000046,7.97,17.049297,79.273515
PPB000047,Kiran Patel,9314737996,Kodad,Kodad,Suryapet,SY000047,4.03,16.997886,79.9615
PPB000048,Mahesh Patel,9454948083,Nalgonda,Nalgonda,Nalgonda,SY000048,1.77,17.054401,79.266772
PPB000049,Mohan Verma,9770143634,Bachupally,Quthbullapur,Medchal,SY000049,6.98,17.54338,78.368069
PPB000050,Rajesh Goud,9557444313,Ibrahimpatnam,Ibrahimpatnam,Rangareddy,SY000050,3.84,17.194858,78.581018
PPB000051,Mahesh Naidu,9749894134,Miyapur,Serilingampally,Hyderabad,SY000051,3.05,17.489589,78.347283
PPB000052,Ravi Yadav,9008427109,Suryapet,Suryapet,Suryapet,SY000052,3.56,17.139574,79.616814
PPB000053,Kiran Verma,9116719022,Kondapur,Serilingampally,Hyderabad,SY000053,8.3,17.466983,78.347704
PPB000054,Suresh Goud,9699938677,Bachupally,Quthbullapur,Medchal,SY000054,3.68,17.547771,78.365577
PPB000055,Prakash Kumar,9913341232,Kodad,Kodad,Suryapet,SY000055,5.97,16.991131,79.96317
PPB000056,Vijay Yadav,9034471349,Kodad,Kodad,Suryapet,SY000056,6.95,17.006673,79.963503
PPB000057,Mahesh Rao,9421024994,Suryapet,Suryapet,Suryapet,SY000057,4.95,17.139374,79.616082
PPB000058,Kiran Goud,9877190659,Shadnagar,Shadnagar,Rangareddy,SY000058,3.25,17.061827,78.214238
PPB000059,Prakash Kumar,9490278742,Kodad,Kodad,Suryapet,SY000059,9.97,16.996718,79.971285
PPB000060,Vijay Patel,9655125674,Gachibowli,Serilingampally,Hyderabad,SY000060,6.96,17.438109,78.35411
PPB000061,Vijay Reddy,9545168087,Kondapur,Serilingampally,Hyderabad,SY000061,4.72,17.451752,78.353236
PPB000062,Naveen Verma,9034824771,Nalgonda,Nalgonda,Nalgonda,SY000062,1.26,17.0526,79.272986
PPB000063,Kiran Goud,9086131712,Miyapur,Serilingampally,Hyderabad,SY000063,5.49,17.500332,78.357177
PPB000064,Rajesh Verma,9737826398,Shamirpet,Shamirpet,Medchal,SY000064,7.72,17.58743,78.556396
PPB000065,Anil Goud,9404499727,Shadnagar,Shadnagar,Rangareddy,SY000065,5.85,17.066902,78.206038
PPB000066,Rajesh Verma,9533963605,Suryapet,Suryapet,Suryapet,SY000066,7.7,17.144105,79.626228
PPB000067,Naveen Rao,9702895171,Shadnagar,Shadnagar,Rangareddy,SY000067,5.73,17.069139,78.209449
PPB000068,Naresh Rao,9174596158,Shadnagar,Shadnagar,Rangareddy,SY000068,4.42,17.066333,78.209374
PPB000069,Naresh Goud,9091343161,Nalgonda,Nalgonda,Nalgonda,SY000069,7.84,17.054078,79.25901
PPB000070,Mohan Yadav,9005045562,Miyapur,Serilingampally,Hyderabad,SY000070,3.2,17.494241,78.360636
PPB000071,Ravi Rao,9196937923,Miyapur,Serilingampally,Hyderabad,SY000071,5.15,17.49108,78.352107
PPB000072,Venkat Verma,9482175946,Kondapur,Serilingampally,Hyderabad,SY000072,7.21,17.457137,78.352042
PPB000073,Naresh Verma,9136959440,Shadnagar,Shadnagar,Rangareddy,SY000073,9.8,17.073165,78.20049
PPB000074,Naresh Kumar,9974395339,Kodad,Kodad,Suryapet,SY000074,3.26,17.003112,79.970349
PPB000075,Naveen Reddy,9047095214,Miyapur,Serilingampally,Hyderabad,SY000075,3.94,17.49431,78.351016
PPB000076,Venkat Patel,9884247451,Suryapet,Suryapet,Suryapet,SY000076,5.21,17.131506,79.625083
PPB000077,Naresh Sharma,9851604817,Bachupally,Quthbullapur,Medchal,SY000077,4.32,17.55098,78.362243
PPB000078,Naresh Patel,9137098593,Shadnagar,Shadnagar,Rangareddy,SY000078,6.83,17.072708,78.204285
PPB000079,Naveen Sharma,9120047113,Shamirpet,Shamirpet,Medchal,SY000079,8.99,17.587413,78.564073
PPB000080,Rajesh Varma,9261796405,Suryapet,Suryapet,Suryapet,SY000080,2.96,17.138894,79.614722
PPB000081,Suresh Patel,9850643171,Ibrahimpatnam,Ibrahimpatnam,Rangareddy,SY000081,6.96,17.192834,78.573943
PPB000082,Ramesh Patel,9329318393,Kondapur,Serilingampally,Hyderabad,SY000082,8.32,17.45266,78.361487
PPB000083,Ramesh Yadav,9228421020,Kodad,Kodad,Suryapet,SY000083,4.22,17.003769,79.966777
PPB000084,Ravi Yadav,9026811775,Kondapur,Serilingampally,Hyderabad,SY000084,5.62,17.450181,78.356077
PPB000085,Ramesh Goud,9470076617,Kodad,Kodad,Suryapet,SY000085,7.41,16.996871,79.972985
PPB000086,Prakash Rao,9124998569,Ibrahimpatnam,Ibrahimpatnam,Rangareddy,SY000086,5.78,17.189074,78.574109
PPB000087,Arjun Reddy,9836736576,Gachibowli,Serilingampally,Hyderabad,SY000087,4.74,17.432002,78.347435
PPB000088,Anil Rao,9711116152,Shamirpet,Shamirpet,Medchal,SY000088,6.01,17.596429,78.566232
PPB000089,Naveen Reddy,9656049451,Ibrahimpatnam,Ibrahimpatnam,Rangareddy,SY000089,6.2,17.184255,78.575135
PPB000090,Naresh Reddy,9585149368,Bachupally,Quthbullapur,Medchal,SY000090,9.77,17.552369,78.369271
PPB000091,Ramesh Varma,9402445502,Suryapet,Suryapet,Suryapet,SY000091,8.83,17.141326,79.618016
PPB000092,Mohan Kumar,9183667525,Miyapur,Serilingampally,Hyderabad,SY000092,3.8,17.492488,78.365828
PPB000093,Suresh Kumar,9229014767,Kodad,Kodad,Suryapet,SY000093,6.46,16.996284,79.959311
PPB000094,Suresh Patel,9614978403,Suryapet,Suryapet,Suryapet,SY000094,4.56,17.141986,79.610154
PPB000095,Mahesh Rao,9445107622,Shamirpet,Shamirpet,Medchal,SY000095,4.42,17.598773,78.565005
PPB000096,Suresh Sharma,9060715969,Ibrahimpatnam,Ibrahimpatnam,Rangareddy,SY000096,4.64,17.192803,78.56779
PPB000097,Ramesh Patel,9297516136,Shadnagar,Shadnagar,Rangareddy,SY000097,6.3,17.070479,78.202915
PPB000098,Mohan Patel,9352181883,Shamirpet,Shamirpet,Medchal,SY000098,9.15,17.591688,78.569548
PPB000099,Mahesh Reddy,9243292127,Miyapur,Serilingampally,Hyderabad,SY000099,5.18,17.497275,78.358589
PPB000100,Naveen Varma,9552717744,Kodad,Kodad,Suryapet,SY000100,6.32,16.995039,79.956484
PPB000101,Vijay Kumar,9054119986,Nalgonda,Nalgonda,Nalgonda,SY000101,5.16,17.051086,79.272836
PPB000102,Vijay Varma,9359782071,Kondapur,Serilingampally,Hyderabad,SY000102,8.3,17.464748,78.365648
PPB000103,Srikanth Rao,9037788925,Gachibowli,Serilingampally,Hyderabad,SY000103,4.36,17.435758,78.347075
PPB000104,Naveen Varma,9051518644,Ibrahimpatnam,Ibrahimpatnam,Rangareddy,SY000104,7.51,17.193131,78.580127
PPB000105,Anil Reddy,9925462914,Miyapur,Serilingampally,Hyderabad,SY000105,6.03,17.49887,78.35357
PPB000106,Naveen Goud,9168505423,Miyapur,Serilingampally,Hyderabad,SY000106,4.08,17.501323,78.35084
PPB000107,Ravi Reddy,9418880592,Miyapur,Serilingampally,Hyderabad,SY000107,6.38,17.489085,78.350617
PPB000108,Arjun Rao,9706537947,Kodad,Kodad,Suryapet,SY000108,3.11,16.992783,79.974312
PPB000109,Venkat Naidu,9597746886,Nalgonda,Nalgonda,Nalgonda,SY000109,9.7,17.056338,79.273025
PPB000110,Naresh Yadav,9075818141,Miyapur,Serilingampally,Hyderabad,SY000110,7.87,17.491456,78.365106
PPB000111,Naresh Sharma,9137506068,Miyapur,Serilingampally,Hyderabad,SY000111,4.37,17.493723,78.348632
PPB000112,Ramesh Patel,9152204727,Bachupally,Quthbullapur,Medchal,SY000112,5.04,17.536105,78.358585
PPB000113,Mahesh Rao,9898614341,Shamirpet,Shamirpet,Medchal,SY000113,1.43,17.593097,78.570878
PPB000114,Suresh Reddy,9798089324,Nalgonda,Nalgonda,Nalgonda,SY000114,4.86,17.052296,79.261811
PPB000115,Ravi Reddy,9851888880,Shadnagar,Shadnagar,Rangareddy,SY000115,4.51,17.069403,78.207713
PPB000116,Kiran Kumar,9515319520,Ibrahimpatnam,Ibrahimpatnam,Rangareddy,SY000116,4.17,17.186771,78.574856
PPB000117,Mohan Verma,9221704303,Nalgonda,Nalgonda,Nalgonda,SY000117,8.97,17.046312,79.263202
PPB000118,Naresh Goud,9740345054,Shadnagar,Shadnagar,Rangareddy,SY000118,2.12,17.06736,78.21279
PPB000119,Venkat Sharma,9527758416,Nalgonda,Nalgonda,Nalgonda,SY000119,1.71,17.052049,79.273447
PPB000120,Kiran Patel,9115447962,Suryapet,Suryapet,Suryapet,SY000120,7.21,17.137031,79.610847
PPB000121,Prakash Sharma,9401658202,Ibrahimpatnam,Ibrahimpatnam,Rangareddy,SY000121,8.64,17.193562,78.570763
PPB000122,Suresh Naidu,9556909275,Miyapur,Serilingampally,Hyderabad,SY000122,4.35,17.501262,78.358478
PPB000123,Anil Sharma,9543102786,Suryapet,Suryapet,Suryapet,SY000123,9.22,17.132355,79.625499
PPB000124,Mahesh Varma,9473121727,Nalgonda,Nalgonda,Nalgonda,SY000124,9.98,17.05621,79.276351
PPB000125,Naveen Patel,9188442258,Ibrahimpatnam,Ibrahimpatnam,Rangareddy,SY000125,3.02,17.199703,78.577841
PPB000126,Arjun Verma,9058957829,Bachupally,Quthbullapur,Medchal,SY000126,8.96,17.537315,78.364963
PPB000127,Srikanth Sharma,9691251778,Nalgonda,Nalgonda,Nalgonda,SY000127,4.1,17.057559,79.272605
PPB000128,Ravi Rao,9680182422,Kodad,Kodad,Suryapet,SY000128,3.9,17.002187,79.96192
PPB000129,Venkat Yadav,9143842498,Suryapet,Suryapet,Suryapet,SY000129,1.84,17.14282,79.621836
PPB000130,Ravi Rao,9995900109,Kodad,Kodad,Suryapet,SY000130,3.38,16.992216,79.966443
PPB000131,Naveen Kumar,9784473647,Kodad,Kodad,Suryapet,SY000131,1.66,16.989198,79.963792
PPB000132,Vijay Naidu,9592555625,Nalgonda,Nalgonda,Nalgonda,SY000132,5.63,17.042124,79.261835
PPB000133,Kiran Verma,9321046963,Gachibowli,Serilingampally,Hyderabad,SY000133,9.66,17.448146,78.35517
PPB000134,Mohan Patel,9327877470,Kodad,Kodad,Suryapet,SY000134,1.81,16.995865,79.964145
PPB000135,Mahesh Varma,9500479748,Bachupally,Quthbullapur,Medchal,SY000135,1.07,17.53815,78.359679
PPB000136,Mohan Patel,9650609835,Shamirpet,Shamirpet,Medchal,SY000136,5.98,17.586171,78.565085
PPB000137,Kiran Varma,9912165585,Suryapet,Suryapet,Suryapet,SY000137,7.79,17.133981,79.620182
PPB000138,Ramesh Kumar,9025787298,Suryapet,Suryapet,Suryapet,SY000138,2.26,17.148627,79.616371
PPB000139,Prakash Yadav,9958887947,Shadnagar,Shadnagar,Rangareddy,SY000139,8.34,17.067367,78.208476
PPB000140,Prakash Yadav,9097499309,Shadnagar,Shadnagar,Rangareddy,SY000140,5.32,17.070485,78.209424
PPB000141,Ravi Naidu,9091307562,Shadnagar,Shadnagar,Rangareddy,SY000141,4.72,17.064078,78.205036
PPB000142,Venkat Verma,9028385786,Kodad,Kodad,Suryapet,SY000142,3.82,16.991464,79.973242
PPB000143,Srikanth Patel,9497334843,Ibrahimpatnam,Ibrahimpatnam,Rangareddy,SY000143,9.47,17.199645,78.577423
PPB000144,Mohan Verma,9575844198,Bachupally,Quthbullapur,Medchal,SY000144,4.42,17.555603,78.373368
PPB000145,Kiran Kumar,9415747338,Miyapur,Serilingampally,Hyderabad,SY000145,3.44,17.49724,78.352432
PPB000146,Prakash Varma,9330833016,Gachibowli,Serilingampally,Hyderabad,SY000146,3.97,17.439548,78.352524
PPB000147,Ramesh Goud,9267734540,Miyapur,Serilingampally,Hyderabad,SY000147,9.17,17.487789,78.358483
PPB000148,Mohan Kumar,9262067240,Suryapet,Suryapet,Suryapet,SY000148,1.08,17.141359,79.612146
PPB000149,Kiran Verma,9887287431,Ibrahimpatnam,Ibrahimpatnam,Rangareddy,SY000149,3.98,17.194622,78.574966
PPB000150,Ramesh Patel,9493296685,Miyapur,Serilingampally,Hyderabad,SY000150,1.78,17.499385,78.350696
PPB000151,Vijay Patel,9304637454,Miyapur,Serilingampally,Hyderabad,SY000151,6.24,17.497458,78.352231
PPB000152,Mohan Naidu,9017426841,Ibrahimpatnam,Ibrahimpatnam,Rangareddy,SY000152,6.75,17.198813,78.569351
PPB000153,Mahesh Rao,9727956878,Bachupally,Quthbullapur,Medchal,SY000153,8.22,17.552512,78.372237
PPB000154,Naresh Reddy,9878519108,Kodad,Kodad,Suryapet,SY000154,9.13,16.992043,79.965733
PPB000155,Anil Goud,9713971870,Miyapur,Serilingampally,Hyderabad,SY000155,5.08,17.496265,78.356136
PPB000156,Srikanth Verma,9406403910,Kondapur,Serilingampally,Hyderabad,SY000156,4.81,17.462008,78.356823
PPB000157,Venkat Reddy,9704622656,Kondapur,Serilingampally,Hyderabad,SY000157,5.04,17.466342,78.35355
PPB000158,Naveen Goud,9251286823,Gachibowli,Serilingampally,Hyderabad,SY000158,8.51,17.445224,78.35847
PPB000159,Naveen Goud,9686337524,Nalgonda,Nalgonda,Nalgonda,SY000159,2.7,17.057504,79.27231
PPB000160,Arjun Sharma,9903311907,Kondapur,Serilingampally,Hyderabad,SY000160,6.38,17.462066,78.346974
PPB000161,Rajesh Verma,9383028439,Kondapur,Serilingampally,Hyderabad,SY000161,3.87,17.459958,78.359451
PPB000162,Mahesh Yadav,9283644089,Ibrahimpatnam,Ibrahimpatnam,Rangareddy,SY000162,8.92,17.198232,78.57452
PPB000163,Srikanth Verma,9056856624,Shadnagar,Shadnagar,Rangareddy,SY000163,4.39,17.075088,78.20447
PPB000164,Kiran Rao,9708668826,Bachupally,Quthbullapur,Medchal,SY000164,3.19,17.540067,78.369934
PPB000165,Naresh Patel,9183046990,Nalgonda,Nalgonda,Nalgonda,SY000165,8.86,17.043763,79.272234
PPB000166,Mahesh Verma,9354033173,Suryapet,Suryapet,Suryapet,SY000166,7.26,17.144075,79.617933
PPB000167,Srikanth Patel,9467854458,Bachupally,Quthbullapur,Medchal,SY000167,8.95,17.54532,78.373056
PPB000168,Arjun Patel,9355609320,Nalgonda,Nalgonda,Nalgonda,SY000168,3.35,17.058695,79.268583
PPB000169,Kiran Rao,9353693785,Shadnagar,Shadnagar,Rangareddy,SY000169,3.32,17.076432,78.21433
PPB000170,Vijay Rao,9522872808,Nalgonda,Nalgonda,Nalgonda,SY000170,1.3,17.056934,79.275904
PPB000171,Arjun Kumar,9623120387,Kondapur,Serilingampally,Hyderabad,SY000171,4.36,17.460357,78.359335
PPB000172,Venkat Verma,9700886008,Kodad,Kodad,Suryapet,SY000172,7.5,16.998715,79.960734
PPB000173,Naresh Sharma,9211823398,Suryapet,Suryapet,Suryapet,SY000173,3.27,17.137089,79.625899
PPB000174,Anil Sharma,9793341016,Gachibowli,Serilingampally,Hyderabad,SY000174,4.41,17.441154,78.340022
PPB000175,Mohan Rao,9176591803,Kondapur,Serilingampally,Hyderabad,SY000175,2.9,17.465362,78.363751
PPB000176,Kiran Kumar,9148902503,Nalgonda,Nalgonda,Nalgonda,SY000176,6.28,17.055045,79.271254
PPB000177,Venkat Reddy,9429396856,Shadnagar,Shadnagar,Rangareddy,SY000177,7.8,17.062799,78.21477
PPB000178,Srikanth Patel,9016315999,Gachibowli,Serilingampally,Hyderabad,SY000178,4.57,17.445571,78.339493
PPB000179,Arjun Verma,9735866296,Shamirpet,Shamirpet,Medchal,SY000179,1.77,17.597072,78.570961
PPB000180,Suresh Yadav,9262655110,Gachibowli,Serilingampally,Hyderabad,SY000180,9.49,17.438995,78.354127
PPB000181,Ravi Reddy,9267888610,Gachibowli,Serilingampally,Hyderabad,SY000181,1.81,17.441184,78.350838
PPB000182,Naresh Sharma,9046618398,Ibrahimpatnam,Ibrahimpatnam,Rangareddy,SY000182,2.53,17.187615,78.564777
PPB000183,Kiran Verma,9212646471,Shamirpet,Shamirpet,Medchal,SY000183,4.25,17.603584,78.569418
PPB000184,Prakash Varma,9371240659,Nalgonda,Nalgonda,Nalgonda,SY000184,4.42,17.057244,79.265804
PPB000185,Naresh Varma,9245937526,Shadnagar,Shadnagar,Rangareddy,SY000185,9.72,17.065829,78.208899
PPB000186,Prakash Naidu,9564651939,Nalgonda,Nalgonda,Nalgonda,SY000186,9.98,17.043599,79.272352
PPB000187,Mohan Verma,9374167243,Kondapur,Serilingampally,Hyderabad,SY000187,3.27,17.451083,78.354463
PPB000188,Suresh Verma,9979688680,Shadnagar,Shadnagar,Rangareddy,SY000188,8.12,17.067191,78.21291
PPB000189,Prakash Reddy,9135290965,Suryapet,Suryapet,Suryapet,SY000189,9.69,17.138609,79.610211
PPB000190,Mahesh Goud,9889937567,Shamirpet,Shamirpet,Medchal,SY000190,7.95,17.596472,78.565009
PPB000191,Ramesh Verma,9146112545,Ibrahimpatnam,Ibrahimpatnam,Rangareddy,SY000191,5.1,17.184137,78.571659
PPB000192,Suresh Verma,9751401051,Nalgonda,Nalgonda,Nalgonda,SY000192,7.09,17.043287,79.276678
PPB000193,Srikanth Rao,9825867362,Bachupally,Quthbullapur,Medchal,SY000193,2.68,17.549146,78.364912
PPB000194,Venkat Naidu,9796603341,Kodad,Kodad,Suryapet,SY000194,6.2,17.00399,79.965738
PPB000195,Anil Naidu,9714785969,Ibrahimpatnam,Ibrahimpatnam,Rangareddy,SY000195,4.53,17.182285,78.56904
PPB000196,Prakash Rao,9499125134,Nalgonda,Nalgonda,Nalgonda,SY000196,2.05,17.047466,79.259827
PPB000197,Rajesh Varma,9296627828,Shadnagar,Shadnagar,Rangareddy,SY000197,2.5,17.065777,78.198742
PPB000198,Prakash Kumar,9507236887,Nalgonda,Nalgonda,Nalgonda,SY000198,4.68,17.049835,79.271203
PPB000199,Vijay Rao,9190340438,Nalgonda,Nalgonda,Nalgonda,SY000199,3.6,17.055615,79.268313
PPB000200,Srikanth Goud,9191485807,Nalgonda,Nalgonda,Nalgonda,SY000200,5.92,17.059796,79.259048
PPB000201,Kiran Kumar,9745171339,Bachupally,Quthbullapur,Medchal,SY000201,7.2,17.553221,78.369205
PPB000202,Ravi Varma,9233095849,Shadnagar,Shadnagar,Rangareddy,SY000202,5.85,17.066473,78.209081
PPB000203,Prakash Yadav,9812604223,Shamirpet,Shamirpet,Medchal,SY000203,2.32,17.591142,78.559951
PPB000204,Vijay Rao,9946671168,Shadnagar,Shadnagar,Rangareddy,SY000204,7.75,17.073894,78.212546
PPB000205,Vijay Patel,9901751863,Nalgonda,Nalgonda,Nalgonda,SY000205,9.71,17.056497,79.266894
PPB000206,Naresh Yadav,9589297500,Ibrahimpatnam,Ibrahimpatnam,Rangareddy,SY000206,1.9,17.195678,78.571192
PPB000207,Venkat Rao,9770632424,Gachibowli,Serilingampally,Hyderabad,SY000207,1.84,17.437309,78.340548
PPB000208,Ramesh Sharma,9436110371,Miyapur,Serilingampally,Hyderabad,SY000208,2.19,17.490524,78.3606
PPB000209,Ramesh Patel,9162713611,Kondapur,Serilingampally,Hyderabad,SY000209,1.93,17.455351,78.351985
PPB000210,Arjun Rao,9218909275,Shadnagar,Shadnagar,Rangareddy,SY000210,7.5,17.072562,78.198027
PPB000211,Prakash Verma,9311219656,Shadnagar,Shadnagar,Rangareddy,SY000211,3.83,17.062797,78.200539
PPB000212,Mahesh Goud,9999404389,Gachibowli,Serilingampally,Hyderabad,SY000212,5.59,17.445057,78.344811
PPB000213,Arjun Naidu,9761379180,Kondapur,Serilingampally,Hyderabad,SY000213,9.88,17.466678,78.34864
PPB000214,Rajesh Patel,9827109104,Kodad,Kodad,Suryapet,SY000214,2.94,17.006452,79.973974
PPB000215,Srikanth Yadav,9866618892,Shadnagar,Shadnagar,Rangareddy,SY000215,3.5,17.066198,78.205226
PPB000216,Arjun Rao,9856914630,Bachupally,Quthbullapur,Medchal,SY000216,3.2,17.554493,78.35932
PPB000217,Prakash Kumar,9421020275,Kodad,Kodad,Suryapet,SY000217,5.71,17.00366,79.969415
PPB000218,Anil Rao,9410564814,Miyapur,Serilingampally,Hyderabad,SY000218,7.41,17.497533,78.348541
PPB000219,Srikanth Patel,9079252419,Nalgonda,Nalgonda,Nalgonda,SY000219,7.07,17.042307,79.271816
PPB000220,Ramesh Kumar,9307562208,Kondapur,Serilingampally,Hyderabad,SY000220,8.23,17.46228,78.359114
PPB000221,Anil Naidu,9654195180,Bachupally,Quthbullapur,Medchal,SY000221,2.61,17.552087,78.376628
PPB000222,Suresh Verma,9445187053,Shadnagar,Shadnagar,Rangareddy,SY000222,3.62,17.07569,78.209792
PPB000223,Vijay Patel,9973832060,Bachupally,Quthbullapur,Medchal,SY000223,3.1,17.542928,78.373791
PPB000224,Anil Kumar,9641383670,Kondapur,Serilingampally,Hyderabad,SY000224,9.75,17.450847,78.351597
PPB000225,Venkat Naidu,9865719182,Kondapur,Serilingampally,Hyderabad,SY000225,6.73,17.455887,78.357838
PPB000226,Rajesh Rao,9344565574,Kondapur,Serilingampally,Hyderabad,SY000226,3.1,17.466871,78.348722
PPB000227,Suresh Rao,9127756185,Kodad,Kodad,Suryapet,SY000227,9.68,16.992153,79.961166
PPB000228,Naresh Reddy,9124903521,Shamirpet,Shamirpet,Medchal,SY000228,7.4,17.604068,78.562925
PPB000229,Naveen Yadav,9420678831,Kondapur,Serilingampally,Hyderabad,SY000229,5.16,17.464078,78.348796
PPB000230,Ramesh Naidu,9236519941,Kondapur,Serilingampally,Hyderabad,SY000230,1.2,17.449289,78.36405
PPB000231,Arjun Rao,9151070296,Nalgonda,Nalgonda,Nalgonda,SY000231,8.4,17.0479,79.25759
PPB000232,Ravi Patel,9324472099,Shadnagar,Shadnagar,Rangareddy,SY000232,6.55,17.072946,78.204978
PPB000233,Vijay Kumar,9146263838,Suryapet,Suryapet,Suryapet,SY000233,8.15,17.149788,79.625638
PPB000234,Vijay Goud,9759856420,Ibrahimpatnam,Ibrahimpatnam,Rangareddy,SY000234,3.87,17.18438,78.579915
PPB000235,Ramesh Verma,9859321334,Shamirpet,Shamirpet,Medchal,SY000235,5.8,17.600525,78.569741
PPB000236,Prakash Sharma,9522395590,Bachupally,Quthbullapur,Medchal,SY000236,7.33,17.543034,78.368353
PPB000237,Prakash Naidu,9784270103,Miyapur,Serilingampally,Hyderabad,SY000237,6.41,17.486399,78.35656
PPB000238,Venkat Varma,9325250029,Ibrahimpatnam,Ibrahimpatnam,Rangareddy,SY000238,7.34,17.182833,78.564218
PPB000239,Naresh Patel,9156915452,Suryapet,Suryapet,Suryapet,SY000239,9.78,17.144647,79.618737
PPB000240,Naveen Patel,9289539264,Nalgonda,Nalgonda,Nalgonda,SY000240,7.61,17.04589,79.260554
PPB000241,Mohan Varma,9690295939,Kondapur,Serilingampally,Hyderabad,SY000241,1.94,17.457924,78.352623
PPB000242,Mahesh Patel,9521570433,Gachibowli,Serilingampally,Hyderabad,SY000242,7.24,17.43711,78.35464
PPB000243,Ramesh Sharma,9762676586,Kondapur,Serilingampally,Hyderabad,SY000243,1.91,17.45759,78.363281
PPB000244,Ravi Verma,9104054115,Bachupally,Quthbullapur,Medchal,SY000244,2.53,17.543509,78.37164
PPB000245,Venkat Reddy,9599706296,Suryapet,Suryapet,Suryapet,SY000245,2.41,17.132025,79.614111
PPB000246,Rajesh Goud,9844431069,Bachupally,Quthbullapur,Medchal,SY000246,5.95,17.545819,78.35809
PPB000247,Rajesh Reddy,9497310324,Kondapur,Serilingampally,Hyderabad,SY000247,9.79,17.457471,78.34831
PPB000248,Vijay Verma,9418625652,Shadnagar,Shadnagar,Rangareddy,SY000248,5.01,17.065266,78.204301
PPB000249,Naresh Yadav,9902115869,Bachupally,Quthbullapur,Medchal,SY000249,3.05,17.53722,78.364742
PPB000250,Rajesh Goud,9793741608,Suryapet,Suryapet,Suryapet,SY000250,6.14,17.140336,79.62143
PPB000251,Ravi Reddy,9722332061,Kodad,Kodad,Suryapet,SY000251,9.89,16.996708,79.974945
PPB000252,Naresh Varma,9451168685,Miyapur,Serilingampally,Hyderabad,SY000252,8.71,17.496394,78.365343
PPB000253,Arjun Varma,9986162299,Kondapur,Serilingampally,Hyderabad,SY000253,6.24,17.467297,78.348004
PPB000254,Prakash Reddy,9485646799,Gachibowli,Serilingampally,Hyderabad,SY000254,5.26,17.433544,78.346959
PPB000255,Prakash Sharma,9065307450,Kodad,Kodad,Suryapet,SY000255,4.04,17.003873,79.961219
PPB000256,Naresh Reddy,9324754691,Nalgonda,Nalgonda,Nalgonda,SY000256,2.69,17.044228,79.273479
PPB000257,Arjun Goud,9508214862,Nalgonda,Nalgonda,Nalgonda,SY000257,8.02,17.050486,79.268373
PPB000258,Mahesh Naidu,9030705345,Miyapur,Serilingampally,Hyderabad,SY000258,8.41,17.496103,78.359708
PPB000259,Naveen Kumar,9357972798,Gachibowli,Serilingampally,Hyderabad,SY000259,4.15,17.43337,78.35679
PPB000260,Kiran Kumar,9602933334,Gachibowli,Serilingampally,Hyderabad,SY000260,6.86,17.440366,78.356193
PPB000261,Vijay Rao,9290349446,Kondapur,Serilingampally,Hyderabad,SY000261,9.06,17.465032,78.35518
PPB000262,Vijay Yadav,9896910858,Bachupally,Quthbullapur,Medchal,SY000262,6.83,17.548181,78.36297
PPB000263,Vijay Reddy,9545444328,Gachibowli,Serilingampally,Hyderabad,SY000263,7.89,17.448094,78.355009
PPB000264,Rajesh Patel,9207446660,Kodad,Kodad,Suryapet,SY000264,6.25,17.007895,79.97132
PPB000265,Mohan Naidu,9875842824,Ibrahimpatnam,Ibrahimpatnam,Rangareddy,SY000265,1.88,17.182559,78.567173
PPB000266,Arjun Rao,9513534655,Suryapet,Suryapet,Suryapet,SY000266,3.35,17.135881,79.627024
PPB000267,Ramesh Varma,9991738168,Nalgonda,Nalgonda,Nalgonda,SY000267,3.69,17.041081,79.274085
PPB000268,Mahesh Patel,9697252175,Miyapur,Serilingampally,Hyderabad,SY000268,6.68,17.489536,78.35969
PPB000269,Vijay Yadav,9329271296,Kondapur,Serilingampally,Hyderabad,SY000269,6.7,17.456068,78.365307
PPB000270,Ramesh Kumar,9835058300,Shadnagar,Shadnagar,Rangareddy,SY000270,6.64,17.064976,78.20887
PPB000271,Kiran Rao,9168942104,Ibrahimpatnam,Ibrahimpatnam,Rangareddy,SY000271,9.54,17.189119,78.572406
PPB000272,Anil Sharma,9257532603,Suryapet,Suryapet,Suryapet,SY000272,3.02,17.149698,79.614224
PPB000273,Prakash Goud,9215064890,Kondapur,Serilingampally,Hyderabad,SY000273,6.35,17.448959,78.348162
PPB000274,Ramesh Reddy,9676184723,Kondapur,Serilingampally,Hyderabad,SY000274,7.26,17.460606,78.352022
PPB000275,Naveen Goud,9499261891,Gachibowli,Serilingampally,Hyderabad,SY000275,3.54,17.445795,78.348855
PPB000276,Mahesh Yadav,9835642087,Kodad,Kodad,Suryapet,SY000276,9.19,17.001764,79.964613
PPB000277,Ramesh Kumar,9119721811,Bachupally,Quthbullapur,Medchal,SY000277,9.14,17.548887,78.366135
PPB000278,Kiran Verma,9012045561,Shamirpet,Shamirpet,Medchal,SY000278,1.85,17.599864,78.555918
PPB000279,Naveen Rao,9557941552,Miyapur,Serilingampally,Hyderabad,SY000279,2.02,17.494005,78.356131
PPB000280,Mohan Verma,9621202169,Shadnagar,Shadnagar,Rangareddy,SY000280,5.34,17.071379,78.203763
PPB000281,Rajesh Patel,9902771670,Kodad,Kodad,Suryapet,SY000281,1.57,17.001099,79.955247
PPB000282,Arjun Varma,9935889163,Suryapet,Suryapet,Suryapet,SY000282,5.34,17.143274,79.622828
PPB000283,Naresh Goud,9900287721,Miyapur,Serilingampally,Hyderabad,SY000283,7.76,17.492413,78.353618
PPB000284,Ramesh Goud,9386631779,Shamirpet,Shamirpet,Medchal,SY000284,5.03,17.601832,78.563941
PPB000285,Vijay Kumar,9166088019,Gachibowli,Serilingampally,Hyderabad,SY000285,9.67,17.442851,78.356702
PPB000286,Mahesh Verma,9550375899,Suryapet,Suryapet,Suryapet,SY000286,5.26,17.143143,79.624318
PPB000287,Suresh Naidu,9055488510,Gachibowli,Serilingampally,Hyderabad,SY000287,9.07,17.439948,78.355337
PPB000288,Suresh Yadav,9933163735,Shadnagar,Shadnagar,Rangareddy,SY000288,1.97,17.068289,78.213533
PPB000289,Suresh Verma,9798270808,Kodad,Kodad,Suryapet,SY000289,9.42,17.004776,79.964659
PPB000290,Arjun Rao,9922169958,Suryapet,Suryapet,Suryapet,SY000290,8.93,17.138373,79.62218
PPB000291,Kiran Sharma,9547226984,Bachupally,Quthbullapur,Medchal,SY000291,8.59,17.546956,78.363278
PPB000292,Naveen Naidu,9339452288,Suryapet,Suryapet,Suryapet,SY000292,7.25,17.136448,79.612308
PPB000293,Srikanth Verma,9996846081,Ibrahimpatnam,Ibrahimpatnam,Rangareddy,SY000293,1.23,17.182907,78.575405
PPB000294,Kiran Rao,9442043805,Bachupally,Quthbullapur,Medchal,SY000294,8.33,17.53805,78.374361
PPB000295,Naresh Naidu,9863840666,Suryapet,Suryapet,Suryapet,SY000295,9.61,17.149516,79.616253
PPB000296,Ramesh Kumar,9439735989,Suryapet,Suryapet,Suryapet,SY000296,2.77,17.144498,79.61387
PPB000297,Ravi Reddy,9228160648,Nalgonda,Nalgonda,Nalgonda,SY000297,3.38,17.043219,79.27392
PPB000298,Anil Verma,9202590947,Kondapur,Serilingampally,Hyderabad,SY000298,8.11,17.459003,78.347458
PPB000299,Srikanth Naidu,9281826886,Ibrahimpatnam,Ibrahimpatnam,Rangareddy,SY000299,1.83,17.184424,78.566267
PPB000300,Anil Patel,9439878015,Ibrahimpatnam,Ibrahimpatnam,Rangareddy,SY000300,5.01,17.19809,78.574274
PPB000301,Mahesh Kumar,9561648408,Kodad,Kodad,Suryapet,SY000301,8.4,16.995499,79.971056
PPB000302,Vijay Kumar,9435811288,Nalgonda,Nalgonda,Nalgonda,SY000302,1.07,17.041309,79.270407
PPB000303,Naresh Sharma,9138612075,Bachupally,Quthbullapur,Medchal,SY000303,1.34,17.537465,78.36056
PPB000304,Srikanth Reddy,9934667665,Shamirpet,Shamirpet,Medchal,SY000304,1.15,17.598166,78.565697
PPB000305,Suresh Varma,9015814491,Kodad,Kodad,Suryapet,SY000305,3.53,17.006534,79.962628
PPB000306,Vijay Rao,9832684245,Kondapur,Serilingampally,Hyderabad,SY000306,9.62,17.448223,78.363495
PPB000307,Suresh Kumar,9099688143,Miyapur,Serilingampally,Hyderabad,SY000307,7.73,17.504071,78.353877
PPB000308,Venkat Goud,9222394312,Shadnagar,Shadnagar,Rangareddy,SY000308,7.04,17.071346,78.196088
PPB000309,Vijay Goud,9141413975,Suryapet,Suryapet,Suryapet,SY000309,4.21,17.143426,79.614691
PPB000310,Prakash Reddy,9357759492,Shamirpet,Shamirpet,Medchal,SY000310,6.09,17.59199,78.561327
PPB000311,Ravi Kumar,9533645257,Shadnagar,Shadnagar,Rangareddy,SY000311,5.17,17.067175,78.201109
PPB000312,Suresh Rao,9914283411,Suryapet,Suryapet,Suryapet,SY000312,9.03,17.146992,79.622633
PPB000313,Prakash Sharma,9930848872,Kodad,Kodad,Suryapet,SY000313,4.29,16.992466,79.970443
PPB000314,Ravi Verma,9881658039,Shamirpet,Shamirpet,Medchal,SY000314,7.16,17.599844,78.557807
PPB000315,Ravi Varma,9927503731,Miyapur,Serilingampally,Hyderabad,SY000315,3.38,17.49068,78.360372
PPB000316,Venkat Patel,9677005184,Suryapet,Suryapet,Suryapet,SY000316,8.51,17.135266,79.620887
PPB000317,Rajesh Sharma,9591846386,Miyapur,Serilingampally,Hyderabad,SY000317,4.18,17.503354,78.356737
PPB000318,Venkat Varma,9082723184,Nalgonda,Nalgonda,Nalgonda,SY000318,2.9,17.043738,79.264244
PPB000319,Naveen Naidu,9651777392,Gachibowli,Serilingampally,Hyderabad,SY000319,6.83,17.438318,78.343773
PPB000320,Prakash Varma,9228092024,Miyapur,Serilingampally,Hyderabad,SY000320,9.3,17.496333,78.355109
PPB000321,Naveen Kumar,9413797723,Kodad,Kodad,Suryapet,SY000321,8.47,17.000017,79.970892
PPB000322,Prakash Goud,9425799136,Miyapur,Serilingampally,Hyderabad,SY000322,4.47,17.488171,78.351047
PPB000323,Naveen Sharma,9291279908,Suryapet,Suryapet,Suryapet,SY000323,5.53,17.13235,79.619645
PPB000324,Venkat Varma,9806865086,Miyapur,Serilingampally,Hyderabad,SY000324,3.07,17.502046,78.362791
PPB000325,Anil Varma,9916247314,Shadnagar,Shadnagar,Rangareddy,SY000325,6.38,17.070875,78.200156
PPB000326,Mohan Kumar,9981806356,Kondapur,Serilingampally,Hyderabad,SY000326,4.26,17.451096,78.359032
PPB000327,Kiran Goud,9695946368,Shamirpet,Shamirpet,Medchal,SY000327,8.05,17.594349,78.562404
PPB000328,Vijay Yadav,9495621372,Suryapet,Suryapet,Suryapet,SY000328,1.9,17.140167,79.625722
PPB000329,Prakash Kumar,9260127961,Suryapet,Suryapet,Suryapet,SY000329,1.58,17.134435,79.611601
PPB000330,Mohan Sharma,9698490277,Kondapur,Serilingampally,Hyderabad,SY000330,1.1,17.465011,78.364615
PPB000331,Kiran Naidu,9098839205,Suryapet,Suryapet,Suryapet,SY000331,3.15,17.130006,79.613149
PPB000332,Arjun Sharma,9566938011,Shamirpet,Shamirpet,Medchal,SY000332,5.95,17.599223,78.566182
PPB000333,Anil Patel,9439376904,Kodad,Kodad,Suryapet,SY000333,2.58,16.998125,79.966173
PPB000334,Kiran Patel,9184894769,Suryapet,Suryapet,Suryapet,SY000334,5.35,17.134865,79.616793
PPB000335,Naveen Verma,9907141633,Nalgonda,Nalgonda,Nalgonda,SY000335,8.2,17.048249,79.264062
PPB000336,Ramesh Yadav,9341651827,Suryapet,Suryapet,Suryapet,SY000336,3.82,17.134371,79.621474
PPB000337,Mohan Naidu,9733343333,Miyapur,Serilingampally,Hyderabad,SY000337,8.53,17.493121,78.362579
PPB000338,Venkat Reddy,9790807595,Gachibowli,Serilingampally,Hyderabad,SY000338,5.43,17.449807,78.35684
PPB000339,Vijay Rao,9846392086,Shamirpet,Shamirpet,Medchal,SY000339,5.3,17.595515,78.56505
PPB000340,Naresh Rao,9718750036,Shadnagar,Shadnagar,Rangareddy,SY000340,6.23,17.066509,78.207256
PPB000341,Ravi Goud,9434795527,Shamirpet,Shamirpet,Medchal,SY000341,4.82,17.593082,78.570044
PPB000342,Naresh Sharma,9472929314,Ibrahimpatnam,Ibrahimpatnam,Rangareddy,SY000342,8.24,17.191107,78.579126
PPB000343,Ravi Rao,9702672885,Bachupally,Quthbullapur,Medchal,SY000343,8.07,17.542001,78.368243
PPB000344,Ramesh Sharma,9120347175,Kodad,Kodad,Suryapet,SY000344,3.34,16.995206,79.96615
PPB000345,Anil Kumar,9615939982,Shamirpet,Shamirpet,Medchal,SY000345,9.81,17.590392,78.561502
PPB000346,Vijay Verma,9169472256,Suryapet,Suryapet,Suryapet,SY000346,6.68,17.141433,79.626978
PPB000347,Suresh Rao,9535544964,Gachibowli,Serilingampally,Hyderabad,SY000347,8.99,17.445719,78.357675
PPB000348,Srikanth Verma,9622023413,Kodad,Kodad,Suryapet,SY000348,2.5,16.99006,79.956276
PPB000349,Srikanth Kumar,9068114921,Nalgonda,Nalgonda,Nalgonda,SY000349,6.89,17.057709,79.263187
PPB000350,Mohan Yadav,9722820055,Bachupally,Quthbullapur,Medchal,SY000350,8.78,17.545344,78.374418
PPB000351,Srikanth Verma,9282997968,Shamirpet,Shamirpet,Medchal,SY000351,6.76,17.595376,78.573178
PPB000352,Srikanth Naidu,9174564240,Nalgonda,Nalgonda,Nalgonda,SY000352,1.0,17.056308,79.273959
PPB000353,Kiran Verma,9807740649,Ibrahimpatnam,Ibrahimpatnam,Rangareddy,SY000353,3.08,17.180144,78.569473
PPB000354,Venkat Goud,9663266341,Shadnagar,Shadnagar,Rangareddy,SY000354,4.8,17.064791,78.210291
PPB000355,Arjun Yadav,9484631224,Kodad,Kodad,Suryapet,SY000355,1.99,16.997107,79.964055
PPB000356,Vijay Naidu,9502080214,Kodad,Kodad,Suryapet,SY000356,3.42,17.002304,79.969542
PPB000357,Suresh Rao,9073564757,Bachupally,Quthbullapur,Medchal,SY000357,7.27,17.536635,78.358604
PPB000358,Ramesh Yadav,9618723460,Miyapur,Serilingampally,Hyderabad,SY000358,2.1,17.501363,78.351979
PPB000359,Mahesh Kumar,9371837645,Nalgonda,Nalgonda,Nalgonda,SY000359,2.43,17.054565,79.271894
PPB000360,Srikanth Reddy,9474350313,Suryapet,Suryapet,Suryapet,SY000360,6.7,17.13649,79.613347
PPB000361,Prakash Reddy,9630097925,Shamirpet,Shamirpet,Medchal,SY000361,7.94,17.589674,78.564998
PPB000362,Anil Kumar,9052812735,Kodad,Kodad,Suryapet,SY000362,9.84,17.003771,79.970134
PPB000363,Mohan Naidu,9065240778,Nalgonda,Nalgonda,Nalgonda,SY000363,3.65,17.053941,79.260796
PPB000364,Srikanth Patel,9574982182,Miyapur,Serilingampally,Hyderabad,SY000364,5.04,17.502388,78.357832
PPB000365,Ramesh Goud,9620959351,Nalgonda,Nalgonda,Nalgonda,SY000365,6.92,17.050779,79.26475
PPB000366,Naveen Verma,9829456511,Suryapet,Suryapet,Suryapet,SY000366,5.71,17.131334,79.626704
PPB000367,Ravi Kumar,9317310967,Miyapur,Serilingampally,Hyderabad,SY000367,5.73,17.500026,78.352119
PPB000368,Mahesh Varma,9103717058,Ibrahimpatnam,Ibrahimpatnam,Rangareddy,SY000368,7.69,17.197809,78.578441
PPB000369,Naresh Varma,9480141381,Kondapur,Serilingampally,Hyderabad,SY000369,1.91,17.45262,78.353707
PPB000370,Srikanth Naidu,9928861957,Bachupally,Quthbullapur,Medchal,SY000370,7.32,17.544541,78.359082
PPB000371,Srikanth Sharma,9852897558,Miyapur,Serilingampally,Hyderabad,SY000371,9.92,17.492493,78.354434
PPB000372,Naresh Patel,9939836845,Shadnagar,Shadnagar,Rangareddy,SY000372,9.65,17.06895,78.202942
PPB000373,Kiran Varma,9082404335,Kondapur,Serilingampally,Hyderabad,SY000373,1.2,17.464439,78.359794
PPB000374,Venkat Goud,9889921075,Shamirpet,Shamirpet,Medchal,SY000374,2.4,17.59,78.572793
PPB000375,Mahesh Yadav,9419693157,Bachupally,Quthbullapur,Medchal,SY000375,2.56,17.552514,78.370792
PPB000376,Naresh Reddy,9940961055,Kodad,Kodad,Suryapet,SY000376,8.92,16.996686,79.973605
PPB000377,Naresh Naidu,9906048058,Gachibowli,Serilingampally,Hyderabad,SY000377,6.08,17.436637,78.352855
PPB000378,Ramesh Sharma,9799813646,Miyapur,Serilingampally,Hyderabad,SY000378,2.33,17.492723,78.356517
PPB000379,Srikanth Sharma,9416862278,Kondapur,Serilingampally,Hyderabad,SY000379,2.78,17.455906,78.357427
PPB000380,Prakash Goud,9331465911,Suryapet,Suryapet,Suryapet,SY000380,7.05,17.138471,79.616966
PPB000381,Anil Varma,9042597927,Ibrahimpatnam,Ibrahimpatnam,Rangareddy,SY000381,1.4,17.196363,78.565994
PPB000382,Ravi Reddy,9103924051,Ibrahimpatnam,Ibrahimpatnam,Rangareddy,SY000382,3.75,17.189424,78.568638
PPB000383,Mahesh Naidu,9884879206,Suryapet,Suryapet,Suryapet,SY000383,6.25,17.143271,79.61087
PPB000384,Ramesh Yadav,9394070164,Miyapur,Serilingampally,Hyderabad,SY000384,6.97,17.504257,78.354204
PPB000385,Ramesh Yadav,9636815798,Gachibowli,Serilingampally,Hyderabad,SY000385,1.79,17.434078,78.358236
PPB000386,Venkat Kumar,9038457620,Suryapet,Suryapet,Suryapet,SY000386,4.12,17.137038,79.622505
PPB000387,Srikanth Yadav,9046084325,Bachupally,Quthbullapur,Medchal,SY000387,9.07,17.549139,78.358756
PPB000388,Srikanth Varma,9363926495,Shadnagar,Shadnagar,Rangareddy,SY000388,5.04,17.062635,78.208049
PPB000389,Srikanth Naidu,9248262925,Kodad,Kodad,Suryapet,SY000389,1.61,16.998659,79.969389
PPB000390,Anil Rao,9056647423,Miyapur,Serilingampally,Hyderabad,SY000390,1.96,17.489695,78.362249
PPB000391,Prakash Yadav,9999393305,Kodad,Kodad,Suryapet,SY000391,1.72,17.003597,79.957682
PPB000392,Vijay Patel,9267722330,Kodad,Kodad,Suryapet,SY000392,4.68,17.007376,79.973509
PPB000393,Mahesh Naidu,9312797573,Shadnagar,Shadnagar,Rangareddy,SY000393,4.85,17.075524,78.207159
PPB000394,Mohan Patel,9699988081,Shadnagar,Shadnagar,Rangareddy,SY000394,5.06,17.07654,78.195848
PPB000395,Srikanth Goud,9608680347,Bachupally,Quthbullapur,Medchal,SY000395,4.58,17.542091,78.373552
PPB000396,Ravi Sharma,9490827718,Nalgonda,Nalgonda,Nalgonda,SY000396,2.02,17.055575,79.275757
PPB000397,Ravi Sharma,9657027937,Suryapet,Suryapet,Suryapet,SY000397,1.81,17.136481,79.622972
PPB000398,Mohan Reddy,9117518689,Miyapur,Serilingampally,Hyderabad,SY000398,9.55,17.493574,78.354612
PPB000399,Venkat Patel,9922220644,Miyapur,Serilingampally,Hyderabad,SY000399,7.57,17.505219,78.352776
PPB000400,Suresh Rao,9309407778,Miyapur,Serilingampally,Hyderabad,SY000400,8.27,17.49816,78.356869
PPB000401,Prakash Verma,9767199038,Bachupally,Quthbullapur,Medchal,SY000401,3.5,17.548573,78.373402
PPB000402,Ramesh Rao,9205020994,Bachupally,Quthbullapur,Medchal,SY000402,3.98,17.537754,78.359178
PPB000403,Ravi Yadav,9999827950,Miyapur,Serilingampally,Hyderabad,SY000403,1.84,17.491986,78.354371
PPB000404,Naresh Reddy,9681472145,Shadnagar,Shadnagar,Rangareddy,SY000404,5.74,17.070493,78.208917
PPB000405,Ramesh Reddy,9981794695,Kodad,Kodad,Suryapet,SY000405,3.34,16.999503,79.967465
PPB000406,Prakash Varma,9787729343,Miyapur,Serilingampally,Hyderabad,SY000406,1.01,17.48648,78.359509
PPB000407,Mohan Naidu,9966055830,Gachibowli,Serilingampally,Hyderabad,SY000407,6.77,17.4439,78.343988
PPB000408,Kiran Yadav,9885015569,Gachibowli,Serilingampally,Hyderabad,SY000408,6.54,17.430682,78.342413
PPB000409,Naresh Patel,9770272785,Ibrahimpatnam,Ibrahimpatnam,Rangareddy,SY000409,5.16,17.196283,78.580556
PPB000410,Naresh Goud,9495880395,Kondapur,Serilingampally,Hyderabad,SY000410,8.2,17.465761,78.353072
PPB000411,Kiran Kumar,9568299629,Miyapur,Serilingampally,Hyderabad,SY000411,2.05,17.501647,78.353166
PPB000412,Mohan Kumar,9461735743,Ibrahimpatnam,Ibrahimpatnam,Rangareddy,SY000412,5.73,17.1835,78.569484
PPB000413,Arjun Naidu,9178078235,Kondapur,Serilingampally,Hyderabad,SY000413,9.31,17.462649,78.356473
PPB000414,Ravi Reddy,9823076810,Ibrahimpatnam,Ibrahimpatnam,Rangareddy,SY000414,3.8,17.180881,78.578962
PPB000415,Anil Verma,9018409435,Gachibowli,Serilingampally,Hyderabad,SY000415,2.8,17.435831,78.349546
PPB000416,Naveen Reddy,9422410988,Nalgonda,Nalgonda,Nalgonda,SY000416,1.92,17.050851,79.267987
PPB000417,Ravi Yadav,9932149587,Shamirpet,Shamirpet,Medchal,SY000417,1.46,17.58528,78.573066
PPB000418,Suresh Sharma,9016629979,Kondapur,Serilingampally,Hyderabad,SY000418,4.2,17.454647,78.349963
PPB000419,Suresh Verma,9921717477,Suryapet,Suryapet,Suryapet,SY000419,3.09,17.134476,79.627222
PPB000420,Kiran Patel,9625577017,Kodad,Kodad,Suryapet,SY000420,2.02,16.997573,79.971915
PPB000421,Arjun Patel,9992816158,Shamirpet,Shamirpet,Medchal,SY000421,6.85,17.600549,78.565655
PPB000422,Prakash Sharma,9393827615,Shadnagar,Shadnagar,Rangareddy,SY000422,2.87,17.073881,78.203623
PPB000423,Prakash Patel,9832197199,Shadnagar,Shadnagar,Rangareddy,SY000423,5.17,17.071102,78.21144
PPB000424,Kiran Sharma,9191965701,Miyapur,Serilingampally,Hyderabad,SY000424,2.96,17.488778,78.358615
PPB000425,Arjun Rao,9278469973,Kondapur,Serilingampally,Hyderabad,SY000425,2.85,17.465549,78.351995
PPB000426,Venkat Sharma,9519098624,Shamirpet,Shamirpet,Medchal,SY000426,1.56,17.602722,78.574358
PPB000427,Mohan Goud,9514036965,Kondapur,Serilingampally,Hyderabad,SY000427,7.41,17.456121,78.354704
PPB000428,Naveen Rao,9723865624,Bachupally,Quthbullapur,Medchal,SY000428,9.98,17.549401,78.359686
PPB000429,Naveen Kumar,9276212679,Gachibowli,Serilingampally,Hyderabad,SY000429,9.37,17.442565,78.347988
PPB000430,Srikanth Verma,9653269097,Shadnagar,Shadnagar,Rangareddy,SY000430,8.62,17.064735,78.205035
PPB000431,Venkat Goud,9950097519,Shadnagar,Shadnagar,Rangareddy,SY000431,5.33,17.07381,78.197842
PPB000432,Naresh Yadav,9781891371,Suryapet,Suryapet,Suryapet,SY000432,7.16,17.140784,79.621593
PPB000433,Ramesh Patel,9807787956,Kodad,Kodad,Suryapet,SY000433,4.18,17.007555,79.960892
PPB000434,Ramesh Varma,9494079290,Miyapur,Serilingampally,Hyderabad,SY000434,6.91,17.491835,78.361748
PPB000435,Kiran Verma,9128144294,Kondapur,Serilingampally,Hyderabad,SY000435,3.48,17.453139,78.360829
PPB000436,Ravi Varma,9275243728,Kodad,Kodad,Suryapet,SY000436,8.76,16.994857,79.956688
PPB000437,Prakash Rao,9766372395,Miyapur,Serilingampally,Hyderabad,SY000437,1.49,17.491288,78.363391
PPB000438,Ravi Verma,9674783667,Kondapur,Serilingampally,Hyderabad,SY000438,3.36,17.458609,78.354695
PPB000439,Venkat Verma,9658018569,Shamirpet,Shamirpet,Medchal,SY000439,9.26,17.601867,78.561699
PPB000440,Arjun Reddy,9496739385,Shamirpet,Shamirpet,Medchal,SY000440,7.1,17.604564,78.561265
PPB000441,Naveen Kumar,9106181753,Kondapur,Serilingampally,Hyderabad,SY000441,7.53,17.453038,78.346681
PPB000442,Suresh Kumar,9939111926,Kodad,Kodad,Suryapet,SY000442,6.91,17.005998,79.966321
PPB000443,Venkat Reddy,9244717465,Miyapur,Serilingampally,Hyderabad,SY000443,3.32,17.501615,78.352546
PPB000444,Rajesh Sharma,9504427173,Kondapur,Serilingampally,Hyderabad,SY000444,6.49,17.451569,78.355841
PPB000445,Srikanth Sharma,9391741011,Miyapur,Serilingampally,Hyderabad,SY000445,6.14,17.491012,78.355918
PPB000446,Ravi Kumar,9064256908,Nalgonda,Nalgonda,Nalgonda,SY000446,7.37,17.05542,79.266563
PPB000447,Naresh Reddy,9830671985,Shadnagar,Shadnagar,Rangareddy,SY000447,4.0,17.066057,78.196104
PPB000448,Anil Goud,9517432806,Gachibowli,Serilingampally,Hyderabad,SY000448,6.95,17.436077,78.346702
PPB000449,Naveen Patel,9717320309,Gachibowli,Serilingampally,Hyderabad,SY000449,3.15,17.437875,78.354755
PPB000450,Vijay Goud,9700505061,Shamirpet,Shamirpet,Medchal,SY000450,2.91,17.597777,78.565462
PPB000451,Ravi Varma,9310270790,Suryapet,Suryapet,Suryapet,SY000451,3.18,17.142976,79.610287
PPB000452,Venkat Yadav,9179291117,Kondapur,Serilingampally,Hyderabad,SY000452,6.35,17.460313,78.347262
PPB000453,Rajesh Patel,9651982530,Bachupally,Quthbullapur,Medchal,SY000453,6.34,17.54271,78.359415
PPB000454,Arjun Sharma,9258273902,Miyapur,Serilingampally,Hyderabad,SY000454,1.9,17.502947,78.359249
PPB000455,Ramesh Verma,9100219467,Miyapur,Serilingampally,Hyderabad,SY000455,7.23,17.490123,78.359797
PPB000456,Vijay Sharma,9329092791,Suryapet,Suryapet,Suryapet,SY000456,6.64,17.145652,79.616957
PPB000457,Srikanth Naidu,9318195883,Kondapur,Serilingampally,Hyderabad,SY000457,5.18,17.460529,78.350162
PPB000458,Mahesh Reddy,9277220054,Kondapur,Serilingampally,Hyderabad,SY000458,2.89,17.453028,78.358336
PPB000459,Ramesh Reddy,9082207811,Nalgonda,Nalgonda,Nalgonda,SY000459,9.06,17.054428,79.268854
PPB000460,Rajesh Naidu,9531531363,Ibrahimpatnam,Ibrahimpatnam,Rangareddy,SY000460,4.38,17.184413,78.57142
PPB000461,Ramesh Sharma,9239726527,Nalgonda,Nalgonda,Nalgonda,SY000461,7.48,17.05264,79.276511
PPB000462,Anil Rao,9090421776,Bachupally,Quthbullapur,Medchal,SY000462,2.54,17.542872,78.374728
PPB000463,Ravi Varma,9298316873,Kodad,Kodad,Suryapet,SY000463,6.32,17.00474,79.960583
PPB000464,Mohan Naidu,9356939290,Shadnagar,Shadnagar,Rangareddy,SY000464,4.76,17.060884,78.214825
PPB000465,Ramesh Sharma,9867177318,Suryapet,Suryapet,Suryapet,SY000465,7.78,17.143863,79.618132
PPB000466,Ravi Patel,9431074279,Bachupally,Quthbullapur,Medchal,SY000466,7.73,17.536488,78.366097
PPB000467,Naresh Sharma,9257016580,Miyapur,Serilingampally,Hyderabad,SY000467,3.67,17.501058,78.360961
PPB000468,Srikanth Varma,9319508501,Kodad,Kodad,Suryapet,SY000468,4.45,16.997307,79.955817
PPB000469,Ravi Goud,9183253817,Ibrahimpatnam,Ibrahimpatnam,Rangareddy,SY000469,7.64,17.195046,78.579423
PPB000470,Arjun Naidu,9554864015,Bachupally,Quthbullapur,Medchal,SY000470,4.11,17.545725,78.367534
PPB000471,Vijay Goud,9847951371,Gachibowli,Serilingampally,Hyderabad,SY000471,1.72,17.448059,78.344667
PPB000472,Suresh Rao,9412723804,Gachibowli,Serilingampally,Hyderabad,SY000472,4.75,17.443748,78.357534
PPB000473,Anil Sharma,9704310385,Nalgonda,Nalgonda,Nalgonda,SY000473,4.71,17.046856,79.269921
PPB000474,Vijay Varma,9887749242,Ibrahimpatnam,Ibrahimpatnam,Rangareddy,SY000474,8.1,17.184536,78.569438
PPB000475,Arjun Kumar,9254729284,Shamirpet,Shamirpet,Medchal,SY000475,2.64,17.588207,78.569162
PPB000476,Ravi Naidu,9105927452,Miyapur,Serilingampally,Hyderabad,SY000476,2.85,17.500143,78.360311
PPB000477,Ravi Patel,9782841067,Ibrahimpatnam,Ibrahimpatnam,Rangareddy,SY000477,7.92,17.198956,78.580556
PPB000478,Ramesh Goud,9854749297,Miyapur,Serilingampally,Hyderabad,SY000478,4.05,17.488246,78.35658
PPB000479,Ravi Goud,9140693751,Kondapur,Serilingampally,Hyderabad,SY000479,3.94,17.460163,78.349903
PPB000480,Mahesh Yadav,9301871863,Suryapet,Suryapet,Suryapet,SY000480,5.41,17.142063,79.620231
PPB000481,Venkat Patel,9626565045,Kondapur,Serilingampally,Hyderabad,SY000481,4.16,17.46755,78.363486
PPB000482,Mahesh Verma,9674266299,Gachibowli,Serilingampally,Hyderabad,SY000482,1.77,17.434256,78.348392
PPB000483,Anil Reddy,9961064628,Suryapet,Suryapet,Suryapet,SY000483,5.16,17.141358,79.628297
PPB000484,Ravi Sharma,9487049478,Bachupally,Quthbullapur,Medchal,SY000484,7.66,17.54049,78.372824
PPB000485,Kiran Yadav,9714627301,Miyapur,Serilingampally,Hyderabad,SY000485,7.88,17.495861,78.366413
PPB000486,Mohan Patel,9979647158,Kodad,Kodad,Suryapet,SY000486,7.6,16.988351,79.960191
PPB000487,Ramesh Rao,9572520456,Kodad,Kodad,Suryapet,SY000487,6.73,17.007103,79.955974
PPB000488,Srikanth Reddy,9832192855,Shamirpet,Shamirpet,Medchal,SY000488,8.44,17.598399,78.561021
PPB000489,Suresh Goud,9952028457,Ibrahimpatnam,Ibrahimpatnam,Rangareddy,SY000489,4.71,17.198418,78.565261
PPB000490,Ravi Goud,9338988816,Bachupally,Quthbullapur,Medchal,SY000490,5.14,17.537528,78.373377
PPB000491,Vijay Patel,9452798524,Kondapur,Serilingampally,Hyderabad,SY000491,1.26,17.464291,78.350447
PPB000492,Mohan Naidu,9423216110,Miyapur,Serilingampally,Hyderabad,SY000492,7.97,17.501147,78.34785
PPB000493,Ramesh Goud,9907140140,Gachibowli,Serilingampally,Hyderabad,SY000493,7.79,17.445747,78.357302
PPB000494,Prakash Naidu,9250124955,Bachupally,Quthbullapur,Medchal,SY000494,2.45,17.546013,78.371571
PPB000495,Srikanth Varma,9119083342,Bachupally,Quthbullapur,Medchal,SY000495,9.11,17.546743,78.376472
PPB000496,Venkat Naidu,9875927125,Gachibowli,Serilingampally,Hyderabad,SY000496,9.83,17.438582,78.349185
PPB000497,Suresh Patel,9171827548,Shadnagar,Shadnagar,Rangareddy,SY000497,7.5,17.061645,78.204874
PPB000498,Kiran Verma,9947386463,Shadnagar,Shadnagar,Rangareddy,SY000498,8.71,17.077895,78.211049
PPB000499,Ravi Kumar,9716781126,Ibrahimpatnam,Ibrahimpatnam,Rangareddy,SY000499,4.61,17.191811,78.564034
PPB000500,Suresh Patel,9353961367,Miyapur,Serilingampally,Hyderabad,SY000500,3.51,17.50027,78.358638
PPB000501,Arjun Sharma,9579678427,Shamirpet,Shamirpet,Medchal,SY000501,1.97,17.589714,78.564945
PPB000502,Ramesh Reddy,9017026952,Miyapur,Serilingampally,Hyderabad,SY000502,3.72,17.498465,78.362203
PPB000503,Arjun Verma,9734778485,Suryapet,Suryapet,Suryapet,SY000503,8.29,17.140811,79.610353
PPB000504,Rajesh Reddy,9675677002,Kondapur,Serilingampally,Hyderabad,SY000504,6.01,17.465207,78.352061
PPB000505,Vijay Sharma,9246719788,Miyapur,Serilingampally,Hyderabad,SY000505,6.15,17.495518,78.364087
PPB000506,Ramesh Sharma,9479695450,Suryapet,Suryapet,Suryapet,SY000506,1.25,17.130902,79.626739
PPB000507,Arjun Varma,9056165565,Ibrahimpatnam,Ibrahimpatnam,Rangareddy,SY000507,1.51,17.184885,78.566692
PPB000508,Prakash Reddy,9141520850,Shamirpet,Shamirpet,Medchal,SY000508,5.15,17.601967,78.566361
PPB000509,Kiran Kumar,9790569659,Shadnagar,Shadnagar,Rangareddy,SY000509,1.88,17.069767,78.208817
PPB000510,Anil Verma,9852945637,Bachupally,Quthbullapur,Medchal,SY000510,6.72,17.555482,78.358506
PPB000511,Mahesh Yadav,9404963919,Suryapet,Suryapet,Suryapet,SY000511,1.85,17.136737,79.611345
PPB000512,Vijay Sharma,9351484685,Suryapet,Suryapet,Suryapet,SY000512,2.8,17.138046,79.622499
PPB000513,Naveen Goud,9208297374,Nalgonda,Nalgonda,Nalgonda,SY000513,9.43,17.050654,79.269288
PPB000514,Venkat Varma,9083572324,Shadnagar,Shadnagar,Rangareddy,SY000514,8.6,17.068205,78.212204
PPB000515,Naveen Naidu,9644249363,Gachibowli,Serilingampally,Hyderabad,SY000515,2.02,17.433938,78.343812
PPB000516,Vijay Verma,9866032420,Shamirpet,Shamirpet,Medchal,SY000516,3.33,17.600771,78.568173
PPB000517,Naveen Kumar,9700159416,Miyapur,Serilingampally,Hyderabad,SY000517,9.07,17.499433,78.364714
PPB000518,Naresh Rao,9319818984,Shadnagar,Shadnagar,Rangareddy,SY000518,5.47,17.061805,78.206996
PPB000519,Anil Varma,9636321234,Ibrahimpatnam,Ibrahimpatnam,Rangareddy,SY000519,4.96,17.185086,78.57379
PPB000520,Srikanth Patel,9158673425,Nalgonda,Nalgonda,Nalgonda,SY000520,5.28,17.047355,79.263163
PPB000521,Ramesh Kumar,9348645183,Kodad,Kodad,Suryapet,SY000521,8.72,16.995769,79.973196
PPB000522,Venkat Yadav,9413432756,Shadnagar,Shadnagar,Rangareddy,SY000522,8.1,17.065481,78.196602
PPB000523,Vijay Sharma,9561248156,Nalgonda,Nalgonda,Nalgonda,SY000523,6.42,17.056269,79.271756
PPB000524,Mohan Kumar,9027206345,Nalgonda,Nalgonda,Nalgonda,SY000524,6.18,17.042217,79.261992
PPB000525,Naresh Varma,9657724295,Miyapur,Serilingampally,Hyderabad,SY000525,8.2,17.489973,78.35529
PPB000526,Rajesh Sharma,9930089317,Miyapur,Serilingampally,Hyderabad,SY000526,2.78,17.500025,78.350375
PPB000527,Prakash Sharma,9942152910,Shadnagar,Shadnagar,Rangareddy,SY000527,7.47,17.068703,78.2134
PPB000528,Naresh Verma,9133344762,Nalgonda,Nalgonda,Nalgonda,SY000528,4.88,17.044132,79.261311
PPB000529,Mohan Naidu,9626204439,Shamirpet,Shamirpet,Medchal,SY000529,5.06,17.589666,78.566658
PPB000530,Suresh Kumar,9725636694,Nalgonda,Nalgonda,Nalgonda,SY000530,1.66,17.05114,79.258042
PPB000531,Vijay Patel,9990048964,Bachupally,Quthbullapur,Medchal,SY000531,9.8,17.549425,78.359645
PPB000532,Ramesh Varma,9242875721,Suryapet,Suryapet,Suryapet,SY000532,3.86,17.140608,79.612836
PPB000533,Anil Kumar,9274564494,Gachibowli,Serilingampally,Hyderabad,SY000533,5.65,17.438816,78.3422
PPB000534,Arjun Rao,9870320320,Nalgonda,Nalgonda,Nalgonda,SY000534,5.23,17.043271,79.266343
PPB000535,Venkat Verma,9075877712,Gachibowli,Serilingampally,Hyderabad,SY000535,2.11,17.431972,78.356263
PPB000536,Naresh Rao,9849939089,Miyapur,Serilingampally,Hyderabad,SY000536,2.63,17.504408,78.351923
PPB000537,Naveen Reddy,9504165915,Nalgonda,Nalgonda,Nalgonda,SY000537,2.38,17.041621,79.273614
PPB000538,Vijay Yadav,9905097592,Nalgonda,Nalgonda,Nalgonda,SY000538,2.9,17.040974,79.269873
PPB000539,Arjun Kumar,9189616423,Ibrahimpatnam,Ibrahimpatnam,Rangareddy,SY000539,9.69,17.19731,78.563784
PPB000540,Ravi Sharma,9642147649,Bachupally,Quthbullapur,Medchal,SY000540,2.18,17.54931,78.373641
PPB000541,Mahesh Verma,9767499616,Suryapet,Suryapet,Suryapet,SY000541,8.3,17.142277,79.618682
PPB000542,Suresh Kumar,9857327881,Shadnagar,Shadnagar,Rangareddy,SY000542,3.62,17.068747,78.213144
PPB000543,Kiran Rao,9243864908,Nalgonda,Nalgonda,Nalgonda,SY000543,1.69,17.040902,79.259153
PPB000544,Rajesh Reddy,9794549180,Shadnagar,Shadnagar,Rangareddy,SY000544,2.03,17.073232,78.198591
PPB000545,Naresh Sharma,9016459779,Miyapur,Serilingampally,Hyderabad,SY000545,8.27,17.492827,78.365362
PPB000546,Mahesh Rao,9194168006,Miyapur,Serilingampally,Hyderabad,SY000546,2.05,17.489435,78.356542
PPB000547,Naresh Varma,9749956412,Shadnagar,Shadnagar,Rangareddy,SY000547,2.22,17.063816,78.211319
PPB000548,Naresh Kumar,9372368314,Bachupally,Quthbullapur,Medchal,SY000548,7.93,17.538963,78.365438
PPB000549,Ravi Rao,9777079334,Gachibowli,Serilingampally,Hyderabad,SY000549,6.12,17.446777,78.339918
PPB000550,Suresh Sharma,9679984076,Kondapur,Serilingampally,Hyderabad,SY000550,5.37,17.459821,78.35823
PPB000551,Mahesh Kumar,9806958146,Nalgonda,Nalgonda,Nalgonda,SY000551,9.0,17.042339,79.269454
PPB000552,Vijay Sharma,9024375738,Ibrahimpatnam,Ibrahimpatnam,Rangareddy,SY000552,2.98,17.198181,78.568783
PPB000553,Naresh Verma,9246657293,Kodad,Kodad,Suryapet,SY000553,3.54,17.002985,79.968341
PPB000554,Ravi Naidu,9297167433,Miyapur,Serilingampally,Hyderabad,SY000554,6.01,17.505985,78.354176
PPB000555,Anil Rao,9280156193,Shamirpet,Shamirpet,Medchal,SY000555,2.09,17.589182,78.560156
PPB000556,Arjun Patel,9084289107,Ibrahimpatnam,Ibrahimpatnam,Rangareddy,SY000556,8.19,17.199253,78.577115
PPB000557,Arjun Varma,9918081213,Gachibowli,Serilingampally,Hyderabad,SY000557,9.2,17.433241,78.344742
PPB000558,Arjun Goud,9712552137,Nalgonda,Nalgonda,Nalgonda,SY000558,9.73,17.055384,79.257132
PPB000559,Anil Yadav,9821456532,Nalgonda,Nalgonda,Nalgonda,SY000559,7.78,17.050593,79.272744
PPB000560,Arjun Sharma,9667850720,Miyapur,Serilingampally,Hyderabad,SY000560,7.46,17.496347,78.348392
PPB000561,Anil Sharma,9260602908,Ibrahimpatnam,Ibrahimpatnam,Rangareddy,SY000561,9.75,17.188386,78.579716
PPB000562,Naresh Yadav,9550489267,Suryapet,Suryapet,Suryapet,SY000562,6.79,17.147752,79.622487
PPB000563,Naveen Verma,9563410856,Kodad,Kodad,Suryapet,SY000563,7.53,17.002801,79.95752
PPB000564,Kiran Naidu,9188485200,Suryapet,Suryapet,Suryapet,SY000564,9.01,17.140799,79.615174
PPB000565,Mohan Sharma,9810548510,Shamirpet,Shamirpet,Medchal,SY000565,7.81,17.603527,78.563975
PPB000566,Mohan Kumar,9753998935,Kodad,Kodad,Suryapet,SY000566,3.69,17.001338,79.971302
PPB000567,Naveen Rao,9683158935,Kodad,Kodad,Suryapet,SY000567,5.09,16.990931,79.963514
PPB000568,Suresh Reddy,9062737158,Shadnagar,Shadnagar,Rangareddy,SY000568,4.62,17.071179,78.210576
PPB000569,Prakash Verma,9677622827,Shamirpet,Shamirpet,Medchal,SY000569,7.4,17.587288,78.56909
PPB000570,Suresh Naidu,9770285196,Suryapet,Suryapet,Suryapet,SY000570,1.99,17.137392,79.615792
PPB000571,Ravi Reddy,9545447022,Suryapet,Suryapet,Suryapet,SY000571,8.05,17.138435,79.628736
PPB000572,Venkat Yadav,9327018510,Shamirpet,Shamirpet,Medchal,SY000572,4.76,17.596161,78.566315
PPB000573,Arjun Sharma,9792287772,Ibrahimpatnam,Ibrahimpatnam,Rangareddy,SY000573,8.8,17.186504,78.577996
PPB000574,Rajesh Sharma,9365807412,Kodad,Kodad,Suryapet,SY000574,7.36,16.99944,79.970923
PPB000575,Srikanth Reddy,9813989098,Shamirpet,Shamirpet,Medchal,SY000575,2.7,17.594217,78.572937
PPB000576,Naveen Goud,9204339718,Gachibowli,Serilingampally,Hyderabad,SY000576,6.46,17.438136,78.3398
PPB000577,Anil Sharma,9260856411,Kondapur,Serilingampally,Hyderabad,SY000577,9.82,17.458836,78.351707
PPB000578,Kiran Reddy,9246209520,Miyapur,Serilingampally,Hyderabad,SY000578,7.42,17.49196,78.348975
PPB000579,Rajesh Patel,9461033993,Miyapur,Serilingampally,Hyderabad,SY000579,5.44,17.501048,78.354701
PPB000580,Kiran Kumar,9578617063,Gachibowli,Serilingampally,Hyderabad,SY000580,9.22,17.430472,78.349982
PPB000581,Naveen Reddy,9382496718,Kodad,Kodad,Suryapet,SY000581,2.83,17.007358,79.962466
PPB000582,Arjun Naidu,9868700794,Miyapur,Serilingampally,Hyderabad,SY000582,6.88,17.489348,78.348204
PPB000583,Kiran Varma,9465398402,Nalgonda,Nalgonda,Nalgonda,SY000583,7.65,17.051262,79.263013
PPB000584,Mohan Reddy,9284639855,Shadnagar,Shadnagar,Rangareddy,SY000584,6.72,17.079593,78.209155
PPB000585,Mahesh Patel,9537950209,Shamirpet,Shamirpet,Medchal,SY000585,5.29,17.602729,78.568454
PPB000586,Srikanth Verma,9681180715,Shadnagar,Shadnagar,Rangareddy,SY000586,9.75,17.067528,78.207026
PPB000587,Ravi Kumar,9175370304,Shadnagar,Shadnagar,Rangareddy,SY000587,7.12,17.074184,78.19883
PPB000588,Naveen Yadav,9337504793,Kodad,Kodad,Suryapet,SY000588,1.06,17.007685,79.967769
PPB000589,Naresh Yadav,9987283999,Gachibowli,Serilingampally,Hyderabad,SY000589,2.58,17.441863,78.353819
PPB000590,Kiran Varma,9384308948,Miyapur,Serilingampally,Hyderabad,SY000590,8.95,17.486039,78.355542
PPB000591,Naresh Patel,9664187758,Kondapur,Serilingampally,Hyderabad,SY000591,7.83,17.465676,78.350491
PPB000592,Venkat Sharma,9875063519,Shamirpet,Shamirpet,Medchal,SY000592,8.27,17.604505,78.559513
PPB000593,Suresh Naidu,9325411076,Shadnagar,Shadnagar,Rangareddy,SY000593,8.27,17.071851,78.207526
PPB000594,Naresh Yadav,9317350583,Ibrahimpatnam,Ibrahimpatnam,Rangareddy,SY000594,9.49,17.195515,78.574391
PPB000595,Naveen Verma,9911006512,Gachibowli,Serilingampally,Hyderabad,SY000595,1.56,17.446148,78.339996
PPB000596,Naveen Sharma,9110804661,Kodad,Kodad,Suryapet,SY000596,6.56,16.996222,79.972292
PPB000597,Ramesh Verma,9676991507,Kodad,Kodad,Suryapet,SY000597,5.65,16.999756,79.95716
PPB000598,Prakash Reddy,9939284567,Kondapur,Serilingampally,Hyderabad,SY000598,7.52,17.456892,78.350863
PPB000599,Ramesh Rao,9496854982,Kondapur,Serilingampally,Hyderabad,SY000599,2.33,17.454173,78.352858
PPB000600,Ramesh Goud,9920388065,Ibrahimpatnam,Ibrahimpatnam,Rangareddy,SY000600,2.76,17.184007,78.58017
PPB000601,Anil Naidu,9779599594,Gachibowli,Serilingampally,Hyderabad,SY000601,4.77,17.433346,78.347986
PPB000602,Vijay Naidu,9033793375,Kondapur,Serilingampally,Hyderabad,SY000602,8.27,17.455518,78.354006
PPB000603,Anil Kumar,9150812473,Kondapur,Serilingampally,Hyderabad,SY000603,6.68,17.466254,78.353198
PPB000604,Mahesh Naidu,9423425832,Kondapur,Serilingampally,Hyderabad,SY000604,2.76,17.451522,78.351236
PPB000605,Ramesh Rao,9615347355,Gachibowli,Serilingampally,Hyderabad,SY000605,6.95,17.448923,78.358442
PPB000606,Venkat Sharma,9112233865,Kodad,Kodad,Suryapet,SY000606,3.86,16.996591,79.967723
PPB000607,Arjun Varma,9938425304,Kondapur,Serilingampally,Hyderabad,SY000607,8.86,17.46503,78.365368
PPB000608,Mahesh Reddy,9791286857,Nalgonda,Nalgonda,Nalgonda,SY000608,5.67,17.04358,79.27125
PPB000609,Mohan Verma,9774969033,Suryapet,Suryapet,Suryapet,SY000609,9.05,17.139042,79.614688
PPB000610,Kiran Sharma,9692548121,Bachupally,Quthbullapur,Medchal,SY000610,3.66,17.546376,78.361604
PPB000611,Vijay Goud,9956776657,Kondapur,Serilingampally,Hyderabad,SY000611,3.85,17.455647,78.349591
PPB000612,Kiran Reddy,9514888143,Bachupally,Quthbullapur,Medchal,SY000612,1.89,17.537427,78.357766
PPB000613,Anil Naidu,9544439284,Bachupally,Quthbullapur,Medchal,SY000613,1.08,17.541989,78.373446
PPB000614,Rajesh Varma,9078263337,Shadnagar,Shadnagar,Rangareddy,SY000614,3.1,17.07174,78.206052
PPB000615,Mohan Verma,9515366377,Nalgonda,Nalgonda,Nalgonda,SY000615,8.68,17.040602,79.259779
PPB000616,Kiran Kumar,9755366684,Miyapur,Serilingampally,Hyderabad,SY000616,3.93,17.486465,78.362707
PPB000617,Ravi Patel,9999966361,Miyapur,Serilingampally,Hyderabad,SY000617,5.81,17.489767,78.349173
PPB000618,Vijay Yadav,9121820970,Kodad,Kodad,Suryapet,SY000618,2.68,16.98939,79.97426
PPB000619,Mahesh Naidu,9481705802,Shamirpet,Shamirpet,Medchal,SY000619,3.94,17.602896,78.562822
PPB000620,Ravi Goud,9671632346,Gachibowli,Serilingampally,Hyderabad,SY000620,8.36,17.443396,78.342076
PPB000621,Kiran Varma,9387430271,Kodad,Kodad,Suryapet,SY000621,8.42,17.000097,79.959937
PPB000622,Venkat Varma,9777901475,Ibrahimpatnam,Ibrahimpatnam,Rangareddy,SY000622,7.3,17.194233,78.567949
PPB000623,Naresh Rao,9632967629,Kodad,Kodad,Suryapet,SY000623,1.86,17.001973,79.955873
PPB000624,Kiran Goud,9413768151,Miyapur,Serilingampally,Hyderabad,SY000624,7.8,17.496088,78.36259
PPB000625,Vijay Rao,9438070176,Shadnagar,Shadnagar,Rangareddy,SY000625,4.09,17.067987,78.198888
PPB000626,Ramesh Yadav,9125777118,Kondapur,Serilingampally,Hyderabad,SY000626,6.91,17.462272,78.354754
PPB000627,Naresh Yadav,9220912418,Nalgonda,Nalgonda,Nalgonda,SY000627,7.67,17.043369,79.270428
PPB000628,Naveen Yadav,9275230837,Kondapur,Serilingampally,Hyderabad,SY000628,7.27,17.46473,78.36223
PPB000629,Rajesh Yadav,9709006335,Gachibowli,Serilingampally,Hyderabad,SY000629,9.18,17.4341,78.339221
PPB000630,Ramesh Patel,9313122068,Kondapur,Serilingampally,Hyderabad,SY000630,1.97,17.454543,78.357241
PPB000631,Prakash Naidu,9866133155,Bachupally,Quthbullapur,Medchal,SY000631,2.56,17.544043,78.363325
PPB000632,Mahesh Verma,9314950136,Shadnagar,Shadnagar,Rangareddy,SY000632,3.71,17.071977,78.214662
PPB000633,Mohan Goud,9924195625,Gachibowli,Serilingampally,Hyderabad,SY000633,2.58,17.445334,78.352653
PPB000634,Suresh Patel,9099768389,Nalgonda,Nalgonda,Nalgonda,SY000634,7.34,17.040266,79.257424
PPB000635,Kiran Naidu,9639102574,Gachibowli,Serilingampally,Hyderabad,SY000635,2.82,17.437615,78.351741
PPB000636,Venkat Varma,9752450864,Bachupally,Quthbullapur,Medchal,SY000636,7.75,17.54058,78.371657
PPB000637,Mahesh Naidu,9803396852,Ibrahimpatnam,Ibrahimpatnam,Rangareddy,SY000637,4.98,17.180121,78.579397
PPB000638,Mahesh Kumar,9232129833,Gachibowli,Serilingampally,Hyderabad,SY000638,5.57,17.438625,78.348241
PPB000639,Mohan Naidu,9362934497,Miyapur,Serilingampally,Hyderabad,SY000639,9.71,17.490028,78.364249
PPB000640,Suresh Patel,9662776896,Nalgonda,Nalgonda,Nalgonda,SY000640,7.84,17.056392,79.272871
PPB000641,Arjun Sharma,9614982824,Kondapur,Serilingampally,Hyderabad,SY000641,4.42,17.454117,78.351665
PPB000642,Prakash Verma,9152732300,Suryapet,Suryapet,Suryapet,SY000642,8.75,17.144607,79.617485
PPB000643,Venkat Sharma,9656749160,Shadnagar,Shadnagar,Rangareddy,SY000643,9.93,17.06249,78.213643
PPB000644,Mahesh Sharma,9458750663,Miyapur,Serilingampally,Hyderabad,SY000644,3.18,17.48669,78.363263
PPB000645,Mohan Rao,9497243992,Kondapur,Serilingampally,Hyderabad,SY000645,1.11,17.463419,78.358888
PPB000646,Rajesh Varma,9183626448,Shadnagar,Shadnagar,Rangareddy,SY000646,9.71,17.07317,78.202656
PPB000647,Mohan Sharma,9119524364,Shamirpet,Shamirpet,Medchal,SY000647,1.06,17.588068,78.564834
PPB000648,Suresh Sharma,9864622522,Gachibowli,Serilingampally,Hyderabad,SY000648,2.78,17.43374,78.35787
PPB000649,Prakash Naidu,9230234679,Nalgonda,Nalgonda,Nalgonda,SY000649,1.98,17.052729,79.258596
PPB000650,Rajesh Reddy,9415093771,Gachibowli,Serilingampally,Hyderabad,SY000650,1.09,17.435422,78.358004
PPB000651,Arjun Kumar,9138069847,Kodad,Kodad,Suryapet,SY000651,5.26,16.994741,79.963589
PPB000652,Naveen Patel,9535669055,Ibrahimpatnam,Ibrahimpatnam,Rangareddy,SY000652,8.26,17.180062,78.579411
PPB000653,Mohan Rao,9091843579,Shadnagar,Shadnagar,Rangareddy,SY000653,7.18,17.077397,78.205298
PPB000654,Ramesh Patel,9050573976,Bachupally,Quthbullapur,Medchal,SY000654,7.65,17.551879,78.363967
PPB000655,Naveen Reddy,9649328980,Nalgonda,Nalgonda,Nalgonda,SY000655,2.15,17.055936,79.263027
PPB000656,Naresh Verma,9271783332,Suryapet,Suryapet,Suryapet,SY000656,7.78,17.143195,79.611789
PPB000657,Mohan Kumar,9256434712,Shadnagar,Shadnagar,Rangareddy,SY000657,9.3,17.072671,78.204839
PPB000658,Naresh Naidu,9991566863,Ibrahimpatnam,Ibrahimpatnam,Rangareddy,SY000658,3.01,17.182314,78.563754
PPB000659,Anil Varma,9319525690,Gachibowli,Serilingampally,Hyderabad,SY000659,3.8,17.441901,78.342697
PPB000660,Rajesh Patel,9528993160,Shadnagar,Shadnagar,Rangareddy,SY000660,5.84,17.069212,78.197894
PPB000661,Naresh Naidu,9772942095,Shamirpet,Shamirpet,Medchal,SY000661,3.78,17.604507,78.557469
PPB000662,Vijay Naidu,9746052330,Kodad,Kodad,Suryapet,SY000662,9.31,17.003521,79.972136
PPB000663,Kiran Rao,9086567566,Shadnagar,Shadnagar,Rangareddy,SY000663,1.65,17.074535,78.200647
PPB000664,Mohan Goud,9612590472,Bachupally,Quthbullapur,Medchal,SY000664,6.19,17.544838,78.366649
PPB000665,Mahesh Naidu,9305912662,Miyapur,Serilingampally,Hyderabad,SY000665,9.33,17.487921,78.366483
PPB000666,Ramesh Reddy,9859626301,Miyapur,Serilingampally,Hyderabad,SY000666,3.17,17.495773,78.36076
PPB000667,Naveen Sharma,9176475011,Miyapur,Serilingampally,Hyderabad,SY000667,1.74,17.495784,78.360376
PPB000668,Mahesh Kumar,9999741926,Suryapet,Suryapet,Suryapet,SY000668,5.36,17.142892,79.618673
PPB000669,Ravi Reddy,9518260688,Kodad,Kodad,Suryapet,SY000669,8.05,16.998602,79.956279
PPB000670,Srikanth Reddy,9312920875,Kodad,Kodad,Suryapet,SY000670,2.11,16.990576,79.959125
PPB000671,Suresh Goud,9401184582,Miyapur,Serilingampally,Hyderabad,SY000671,4.81,17.504905,78.347002
PPB000672,Ramesh Goud,9487297585,Shamirpet,Shamirpet,Medchal,SY000672,6.46,17.594912,78.568759
PPB000673,Mahesh Kumar,9324329839,Kondapur,Serilingampally,Hyderabad,SY000673,4.23,17.45057,78.358446
PPB000674,Srikanth Yadav,9462671462,Gachibowli,Serilingampally,Hyderabad,SY000674,5.82,17.431511,78.353553
PPB000675,Mohan Patel,9989262566,Bachupally,Quthbullapur,Medchal,SY000675,1.23,17.548072,78.35855
PPB000676,Srikanth Reddy,9861515542,Gachibowli,Serilingampally,Hyderabad,SY000676,8.82,17.434615,78.339097
PPB000677,Mahesh Sharma,9112849718,Shadnagar,Shadnagar,Rangareddy,SY000677,4.14,17.071443,78.20064
PPB000678,Prakash Reddy,9025625889,Shamirpet,Shamirpet,Medchal,SY000678,8.94,17.592753,78.566846
PPB000679,Ramesh Goud,9222694053,Shamirpet,Shamirpet,Medchal,SY000679,7.1,17.593065,78.564156
PPB000680,Anil Verma,9844683414,Nalgonda,Nalgonda,Nalgonda,SY000680,4.66,17.046255,79.258803
PPB000681,Suresh Naidu,9129014870,Gachibowli,Serilingampally,Hyderabad,SY000681,9.66,17.43858,78.349074
PPB000682,Vijay Verma,9881609306,Miyapur,Serilingampally,Hyderabad,SY000682,7.32,17.500993,78.351885
PPB000683,Naveen Varma,9097283215,Suryapet,Suryapet,Suryapet,SY000683,8.55,17.140274,79.62905
PPB000684,Vijay Sharma,9251538144,Shadnagar,Shadnagar,Rangareddy,SY000684,5.35,17.065295,78.195045
PPB000685,Rajesh Naidu,9480797050,Kodad,Kodad,Suryapet,SY000685,6.54,16.994571,79.962078
PPB000686,Anil Rao,9650167318,Kondapur,Serilingampally,Hyderabad,SY000686,5.63,17.451074,78.348477
PPB000687,Ramesh Rao,9437654562,Nalgonda,Nalgonda,Nalgonda,SY000687,5.83,17.04539,79.276787
PPB000688,Ravi Rao,9560531340,Nalgonda,Nalgonda,Nalgonda,SY000688,2.2,17.048421,79.263624
PPB000689,Ravi Naidu,9741678725,Kondapur,Serilingampally,Hyderabad,SY000689,7.76,17.463607,78.353998
PPB000690,Ravi Reddy,9102258030,Shadnagar,Shadnagar,Rangareddy,SY000690,7.1,17.066843,78.214529
PPB000691,Rajesh Verma,9447163928,Kondapur,Serilingampally,Hyderabad,SY000691,2.68,17.453623,78.3483
PPB000692,Mohan Naidu,9637189239,Shamirpet,Shamirpet,Medchal,SY000692,6.66,17.587675,78.557409
PPB000693,Ramesh Yadav,9326093106,Shadnagar,Shadnagar,Rangareddy,SY000693,4.67,17.066129,78.207666
PPB000694,Mahesh Patel,9670860414,Bachupally,Quthbullapur,Medchal,SY000694,4.27,17.55486,78.371232
PPB000695,Anil Kumar,9200053474,Bachupally,Quthbullapur,Medchal,SY000695,9.18,17.538015,78.360697
PPB000696,Anil Patel,9411082555,Nalgonda,Nalgonda,Nalgonda,SY000696,7.69,17.051778,79.269094
PPB000697,Naveen Yadav,9396112910,Bachupally,Quthbullapur,Medchal,SY000697,6.28,17.554244,78.370087
PPB000698,Mahesh Verma,9118954738,Bachupally,Quthbullapur,Medchal,SY000698,7.49,17.536876,78.360834
PPB000699,Mohan Yadav,9855716176,Suryapet,Suryapet,Suryapet,SY000699,5.71,17.149049,79.625818
PPB000700,Prakash Yadav,9240903678,Miyapur,Serilingampally,Hyderabad,SY000700,8.83,17.505431,78.35031
PPB000701,Rajesh Goud,9669432029,Suryapet,Suryapet,Suryapet,SY000701,2.96,17.143934,79.627583
PPB000702,Vijay Goud,9844344812,Suryapet,Suryapet,Suryapet,SY000702,3.02,17.140671,79.615837
PPB000703,Venkat Yadav,9240338105,Miyapur,Serilingampally,Hyderabad,SY000703,6.69,17.505444,78.353491
PPB000704,Kiran Rao,9694500534,Suryapet,Suryapet,Suryapet,SY000704,2.59,17.149432,79.620748
PPB000705,Suresh Sharma,9498373543,Kodad,Kodad,Suryapet,SY000705,6.23,17.004155,79.970058
PPB000706,Vijay Naidu,9652717272,Miyapur,Serilingampally,Hyderabad,SY000706,8.34,17.489522,78.358393
PPB000707,Naveen Yadav,9042269312,Miyapur,Serilingampally,Hyderabad,SY000707,1.65,17.490905,78.365183
PPB000708,Suresh Goud,9209166010,Shadnagar,Shadnagar,Rangareddy,SY000708,7.87,17.07289,78.195875
PPB000709,Arjun Reddy,9429001851,Bachupally,Quthbullapur,Medchal,SY000709,2.82,17.545609,78.368257
PPB000710,Naresh Rao,9457230848,Nalgonda,Nalgonda,Nalgonda,SY000710,2.11,17.056498,79.259056
PPB000711,Suresh Goud,9620303662,Shamirpet,Shamirpet,Medchal,SY000711,4.18,17.590437,78.573434
PPB000712,Naveen Reddy,9721314519,Shadnagar,Shadnagar,Rangareddy,SY000712,4.0,17.06721,78.213494
PPB000713,Venkat Kumar,9922685926,Gachibowli,Serilingampally,Hyderabad,SY000713,2.35,17.443445,78.344931
PPB000714,Anil Reddy,9475410225,Shamirpet,Shamirpet,Medchal,SY000714,2.33,17.593634,78.570937
PPB000715,Naresh Reddy,9196421522,Nalgonda,Nalgonda,Nalgonda,SY000715,7.91,17.047052,79.266884
PPB000716,Mohan Sharma,9952366878,Nalgonda,Nalgonda,Nalgonda,SY000716,5.8,17.050649,79.273428
PPB000717,Suresh Varma,9689313503,Shadnagar,Shadnagar,Rangareddy,SY000717,9.95,17.060343,78.206167
PPB000718,Venkat Reddy,9055247286,Miyapur,Serilingampally,Hyderabad,SY000718,3.18,17.502556,78.348117
PPB000719,Suresh Rao,9606501917,Miyapur,Serilingampally,Hyderabad,SY000719,8.54,17.50341,78.347604
PPB000720,Ravi Reddy,9310962272,Ibrahimpatnam,Ibrahimpatnam,Rangareddy,SY000720,7.73,17.193971,78.56799
PPB000721,Mohan Patel,9704120092,Shadnagar,Shadnagar,Rangareddy,SY000721,5.53,17.060217,78.211654
PPB000722,Srikanth Yadav,9984362418,Nalgonda,Nalgonda,Nalgonda,SY000722,4.4,17.059021,79.271863
PPB000723,Prakash Kumar,9362891775,Shadnagar,Shadnagar,Rangareddy,SY000723,6.87,17.068102,78.202609
PPB000724,Arjun Patel,9634111595,Kondapur,Serilingampally,Hyderabad,SY000724,1.25,17.453644,78.356831
PPB000725,Mahesh Varma,9043830341,Gachibowli,Serilingampally,Hyderabad,SY000725,9.79,17.441396,78.350175
PPB000726,Ramesh Kumar,9514054683,Nalgonda,Nalgonda,Nalgonda,SY000726,3.83,17.047813,79.264117
PPB000727,Mohan Reddy,9568182096,Miyapur,Serilingampally,Hyderabad,SY000727,5.29,17.503376,78.347748
PPB000728,Ravi Verma,9113322889,Miyapur,Serilingampally,Hyderabad,SY000728,6.86,17.504605,78.353828
PPB000729,Anil Yadav,9596063399,Miyapur,Serilingampally,Hyderabad,SY000729,1.67,17.489048,78.359556
PPB000730,Suresh Kumar,9248171752,Nalgonda,Nalgonda,Nalgonda,SY000730,9.41,17.043229,79.262602
PPB000731,Anil Reddy,9127474721,Ibrahimpatnam,Ibrahimpatnam,Rangareddy,SY000731,9.75,17.189765,78.569269
PPB000732,Rajesh Sharma,9927589551,Shamirpet,Shamirpet,Medchal,SY000732,7.14,17.594819,78.560257
PPB000733,Prakash Kumar,9380214629,Kondapur,Serilingampally,Hyderabad,SY000733,4.59,17.44946,78.353764
PPB000734,Naveen Reddy,9577871121,Nalgonda,Nalgonda,Nalgonda,SY000734,9.26,17.05845,79.272364
PPB000735,Rajesh Patel,9155973714,Bachupally,Quthbullapur,Medchal,SY000735,5.09,17.546902,78.375971
PPB000736,Naveen Naidu,9590960567,Miyapur,Serilingampally,Hyderabad,SY000736,2.92,17.49023,78.347459
PPB000737,Kiran Yadav,9212146147,Shadnagar,Shadnagar,Rangareddy,SY000737,8.84,17.070496,78.208393
PPB000738,Ravi Kumar,9165423567,Shamirpet,Shamirpet,Medchal,SY000738,5.28,17.598477,78.558214
PPB000739,Anil Varma,9608931992,Shadnagar,Shadnagar,Rangareddy,SY000739,3.91,17.079727,78.213779
PPB000740,Ramesh Rao,9727516480,Ibrahimpatnam,Ibrahimpatnam,Rangareddy,SY000740,9.89,17.198866,78.579145
PPB000741,Naveen Varma,9103368296,Nalgonda,Nalgonda,Nalgonda,SY000741,2.95,17.044195,79.260823
PPB000742,Ramesh Patel,9504481776,Kodad,Kodad,Suryapet,SY000742,4.69,16.995044,79.965849
PPB000743,Arjun Patel,9127652892,Suryapet,Suryapet,Suryapet,SY000743,5.88,17.137631,79.626902
PPB000744,Naveen Yadav,9911110961,Shadnagar,Shadnagar,Rangareddy,SY000744,5.47,17.075035,78.213545
PPB000745,Naveen Verma,9890463378,Gachibowli,Serilingampally,Hyderabad,SY000745,4.43,17.434011,78.348291
PPB000746,Anil Verma,9660538444,Gachibowli,Serilingampally,Hyderabad,SY000746,3.77,17.448153,78.357087
PPB000747,Ramesh Sharma,9000258955,Bachupally,Quthbullapur,Medchal,SY000747,2.53,17.547444,78.3656
PPB000748,Rajesh Naidu,9960962626,Suryapet,Suryapet,Suryapet,SY000748,9.14,17.140346,79.618748
PPB000749,Mohan Rao,9819648253,Gachibowli,Serilingampally,Hyderabad,SY000749,1.84,17.430613,78.339131
PPB000750,Ravi Kumar,9981960275,Kodad,Kodad,Suryapet,SY000750,2.68,17.00105,79.959435
PPB000751,Srikanth Naidu,9640412091,Bachupally,Quthbullapur,Medchal,SY000751,2.0,17.554544,78.359454
PPB000752,Kiran Yadav,9211753617,Miyapur,Serilingampally,Hyderabad,SY000752,8.16,17.494275,78.35673
PPB000753,Mahesh Sharma,9657224029,Gachibowli,Serilingampally,Hyderabad,SY000753,6.68,17.447196,78.341244
PPB000754,Anil Verma,9998028413,Ibrahimpatnam,Ibrahimpatnam,Rangareddy,SY000754,6.45,17.190719,78.57236
PPB000755,Mahesh Patel,9130523124,Miyapur,Serilingampally,Hyderabad,SY000755,3.46,17.489985,78.348839
PPB000756,Naveen Yadav,9776863423,Suryapet,Suryapet,Suryapet,SY000756,7.18,17.147746,79.615622
PPB000757,Suresh Varma,9942376769,Shadnagar,Shadnagar,Rangareddy,SY000757,7.72,17.076318,78.207458
PPB000758,Rajesh Sharma,9395517208,Kodad,Kodad,Suryapet,SY000758,3.28,16.996196,79.967078
PPB000759,Anil Sharma,9012562531,Suryapet,Suryapet,Suryapet,SY000759,2.94,17.137433,79.612901
PPB000760,Suresh Kumar,9505379538,Ibrahimpatnam,Ibrahimpatnam,Rangareddy,SY000760,1.6,17.185672,78.566244
PPB000761,Suresh Goud,9491966553,Bachupally,Quthbullapur,Medchal,SY000761,2.77,17.552055,78.366973
PPB000762,Rajesh Reddy,9172959639,Shamirpet,Shamirpet,Medchal,SY000762,1.19,17.585057,78.570666
PPB000763,Ramesh Verma,9426088050,Kodad,Kodad,Suryapet,SY000763,1.63,16.989902,79.97105
PPB000764,Kiran Patel,9561857906,Shamirpet,Shamirpet,Medchal,SY000764,3.69,17.604379,78.564867
PPB000765,Naresh Patel,9910300215,Gachibowli,Serilingampally,Hyderabad,SY000765,8.75,17.444585,78.343427
PPB000766,Mahesh Patel,9800401041,Gachibowli,Serilingampally,Hyderabad,SY000766,3.37,17.443858,78.354733
PPB000767,Kiran Rao,9297125296,Shadnagar,Shadnagar,Rangareddy,SY000767,6.73,17.073365,78.205435
PPB000768,Prakash Verma,9745731441,Bachupally,Quthbullapur,Medchal,SY000768,4.18,17.552711,78.361848
PPB000769,Mohan Reddy,9170303763,Bachupally,Quthbullapur,Medchal,SY000769,5.39,17.542809,78.37328
PPB000770,Srikanth Patel,9472812356,Suryapet,Suryapet,Suryapet,SY000770,9.78,17.147357,79.620269
PPB000771,Mahesh Reddy,9462491271,Shadnagar,Shadnagar,Rangareddy,SY000771,7.71,17.064811,78.212882
PPB000772,Kiran Kumar,9787541815,Miyapur,Serilingampally,Hyderabad,SY000772,4.88,17.489012,78.357044
PPB000773,Anil Kumar,9745106634,Suryapet,Suryapet,Suryapet,SY000773,2.71,17.133533,79.615519
PPB000774,Vijay Goud,9610313100,Kodad,Kodad,Suryapet,SY000774,6.18,16.992775,79.965643
PPB000775,Mahesh Varma,9666134732,Shamirpet,Shamirpet,Medchal,SY000775,8.07,17.591653,78.56076
PPB000776,Kiran Kumar,9128974325,Kodad,Kodad,Suryapet,SY000776,7.13,16.991333,79.961643
PPB000777,Ravi Kumar,9765024120,Nalgonda,Nalgonda,Nalgonda,SY000777,6.35,17.059391,79.268663
PPB000778,Naresh Naidu,9710094388,Nalgonda,Nalgonda,Nalgonda,SY000778,2.51,17.042932,79.258878
PPB000779,Arjun Patel,9775847457,Shamirpet,Shamirpet,Medchal,SY000779,1.12,17.591753,78.569203
PPB000780,Arjun Varma,9714802632,Suryapet,Suryapet,Suryapet,SY000780,4.21,17.130618,79.621552
PPB000781,Anil Naidu,9136148782,Shadnagar,Shadnagar,Rangareddy,SY000781,3.39,17.073581,78.21276
PPB000782,Prakash Sharma,9443098591,Shadnagar,Shadnagar,Rangareddy,SY000782,4.9,17.069101,78.214363
PPB000783,Kiran Reddy,9072728498,Ibrahimpatnam,Ibrahimpatnam,Rangareddy,SY000783,6.98,17.186073,78.567765
PPB000784,Ramesh Verma,9034910740,Shamirpet,Shamirpet,Medchal,SY000784,4.87,17.597905,78.555013
PPB000785,Ravi Patel,9488214236,Shamirpet,Shamirpet,Medchal,SY000785,6.27,17.586314,78.559377
PPB000786,Venkat Patel,9366614494,Nalgonda,Nalgonda,Nalgonda,SY000786,2.56,17.048716,79.274519
PPB000787,Ravi Naidu,9426834414,Kodad,Kodad,Suryapet,SY000787,6.1,17.000566,79.965917
PPB000788,Arjun Sharma,9128758575,Shadnagar,Shadnagar,Rangareddy,SY000788,4.85,17.06841,78.203205
PPB000789,Venkat Goud,9061294398,Kondapur,Serilingampally,Hyderabad,SY000789,4.36,17.460418,78.363998
PPB000790,Ramesh Sharma,9260787010,Shamirpet,Shamirpet,Medchal,SY000790,3.43,17.604423,78.557141
PPB000791,Suresh Yadav,9975019803,Kodad,Kodad,Suryapet,SY000791,5.65,16.999241,79.974346
PPB000792,Mahesh Rao,9440793110,Miyapur,Serilingampally,Hyderabad,SY000792,2.38,17.503598,78.357396
PPB000793,Mahesh Reddy,9708760146,Bachupally,Quthbullapur,Medchal,SY000793,5.35,17.539681,78.361699
PPB000794,Kiran Varma,9791620223,Suryapet,Suryapet,Suryapet,SY000794,2.54,17.144833,79.620934
PPB000795,Vijay Yadav,9419754661,Nalgonda,Nalgonda,Nalgonda,SY000795,5.18,17.05627,79.259963
PPB000796,Vijay Reddy,9960940970,Shamirpet,Shamirpet,Medchal,SY000796,9.17,17.591795,78.557786
PPB000797,Kiran Kumar,9258835868,Nalgonda,Nalgonda,Nalgonda,SY000797,1.56,17.053118,79.264037
PPB000798,Anil Verma,9244617679,Kodad,Kodad,Suryapet,SY000798,6.93,16.999521,79.973548
PPB000799,Kiran Rao,9599599610,Suryapet,Suryapet,Suryapet,SY000799,1.27,17.144658,79.614634
PPB000800,Vijay Verma,9533126610,Gachibowli,Serilingampally,Hyderabad,SY000800,6.51,17.432389,78.355836
PPB000801,Vijay Patel,9902517629,Gachibowli,Serilingampally,Hyderabad,SY000801,6.01,17.434014,78.348722
PPB000802,Mahesh Naidu,9268319013,Shamirpet,Shamirpet,Medchal,SY000802,1.3,17.587511,78.555105
PPB000803,Prakash Goud,9152873397,Shadnagar,Shadnagar,Rangareddy,SY000803,5.51,17.06713,78.212995
PPB000804,Arjun Reddy,9766191284,Miyapur,Serilingampally,Hyderabad,SY000804,1.91,17.495974,78.34803
PPB000805,Anil Kumar,9344651241,Suryapet,Suryapet,Suryapet,SY000805,5.81,17.134828,79.620355
PPB000806,Srikanth Yadav,9690819740,Kodad,Kodad,Suryapet,SY000806,1.29,16.996428,79.95901
PPB000807,Ravi Naidu,9850371990,Kondapur,Serilingampally,Hyderabad,SY000807,4.11,17.449415,78.354325
PPB000808,Venkat Reddy,9872401078,Kodad,Kodad,Suryapet,SY000808,3.03,16.995005,79.964552
PPB000809,Ramesh Kumar,9038960870,Bachupally,Quthbullapur,Medchal,SY000809,4.48,17.543545,78.359505
PPB000810,Srikanth Rao,9171955356,Shadnagar,Shadnagar,Rangareddy,SY000810,9.26,17.064763,78.19684
PPB000811,Mahesh Sharma,9890030102,Kondapur,Serilingampally,Hyderabad,SY000811,4.95,17.453652,78.352283
PPB000812,Naveen Naidu,9429671114,Kodad,Kodad,Suryapet,SY000812,9.45,16.992117,79.969105
PPB000813,Venkat Naidu,9745843845,Ibrahimpatnam,Ibrahimpatnam,Rangareddy,SY000813,7.28,17.190069,78.56308
PPB000814,Mohan Varma,9741328348,Shadnagar,Shadnagar,Rangareddy,SY000814,2.9,17.067448,78.211328
PPB000815,Ramesh Naidu,9771070449,Miyapur,Serilingampally,Hyderabad,SY000815,4.46,17.502544,78.34869
PPB000816,Naresh Varma,9670667033,Shamirpet,Shamirpet,Medchal,SY000816,4.41,17.597899,78.56565
PPB000817,Ramesh Goud,9509549305,Shamirpet,Shamirpet,Medchal,SY000817,7.53,17.597131,78.572315
PPB000818,Arjun Reddy,9864876998,Kondapur,Serilingampally,Hyderabad,SY000818,3.34,17.467206,78.355347
PPB000819,Ravi Kumar,9441384596,Bachupally,Quthbullapur,Medchal,SY000819,1.35,17.541485,78.362375
PPB000820,Arjun Varma,9014954277,Shamirpet,Shamirpet,Medchal,SY000820,1.16,17.584877,78.55574
PPB000821,Vijay Goud,9360914985,Ibrahimpatnam,Ibrahimpatnam,Rangareddy,SY000821,9.58,17.188809,78.56716
PPB000822,Kiran Verma,9232290310,Shamirpet,Shamirpet,Medchal,SY000822,2.66,17.594834,78.563806
PPB000823,Ramesh Goud,9304405809,Ibrahimpatnam,Ibrahimpatnam,Rangareddy,SY000823,3.11,17.182183,78.572139
PPB000824,Srikanth Reddy,9335956164,Gachibowli,Serilingampally,Hyderabad,SY000824,2.29,17.436631,78.354663
PPB000825,Rajesh Patel,9749025042,Ibrahimpatnam,Ibrahimpatnam,Rangareddy,SY000825,9.21,17.180511,78.574181
PPB000826,Srikanth Goud,9953690261,Ibrahimpatnam,Ibrahimpatnam,Rangareddy,SY000826,9.6,17.199173,78.581846
PPB000827,Srikanth Varma,9868180978,Kodad,Kodad,Suryapet,SY000827,5.68,16.994339,79.9589
PPB000828,Kiran Naidu,9535375137,Kodad,Kodad,Suryapet,SY000828,7.6,17.005605,79.962238
PPB000829,Srikanth Goud,9157937639,Ibrahimpatnam,Ibrahimpatnam,Rangareddy,SY000829,8.45,17.199735,78.580514
PPB000830,Arjun Sharma,9929445511,Bachupally,Quthbullapur,Medchal,SY000830,4.68,17.546101,78.359968
PPB000831,Naveen Naidu,9270216487,Nalgonda,Nalgonda,Nalgonda,SY000831,7.69,17.042528,79.257682
PPB000832,Ramesh Rao,9128866526,Shadnagar,Shadnagar,Rangareddy,SY000832,7.27,17.064829,78.200868
PPB000833,Venkat Patel,9999101576,Ibrahimpatnam,Ibrahimpatnam,Rangareddy,SY000833,6.68,17.194814,78.570714
PPB000834,Mohan Rao,9298120995,Nalgonda,Nalgonda,Nalgonda,SY000834,7.07,17.049071,79.263409
PPB000835,Srikanth Varma,9413475098,Miyapur,Serilingampally,Hyderabad,SY000835,9.08,17.497597,78.363881
PPB000836,Kiran Patel,9652203684,Shadnagar,Shadnagar,Rangareddy,SY000836,6.18,17.07231,78.196989
PPB000837,Ravi Reddy,9447732449,Shamirpet,Shamirpet,Medchal,SY000837,7.78,17.60319,78.568329
PPB000838,Suresh Naidu,9882090883,Miyapur,Serilingampally,Hyderabad,SY000838,1.06,17.50265,78.347516
PPB000839,Kiran Varma,9678274117,Bachupally,Quthbullapur,Medchal,SY000839,9.0,17.545865,78.358737
PPB000840,Kiran Reddy,9513152854,Miyapur,Serilingampally,Hyderabad,SY000840,5.08,17.50071,78.360442
PPB000841,Mohan Patel,9061853800,Gachibowli,Serilingampally,Hyderabad,SY000841,3.21,17.441827,78.356342
PPB000842,Naveen Naidu,9472727423,Bachupally,Quthbullapur,Medchal,SY000842,6.71,17.537774,78.367326
PPB000843,Ramesh Sharma,9178932064,Bachupally,Quthbullapur,Medchal,SY000843,6.52,17.548621,78.361694
PPB000844,Vijay Goud,9243477695,Ibrahimpatnam,Ibrahimpatnam,Rangareddy,SY000844,5.89,17.185908,78.566379
PPB000845,Rajesh Verma,9536127515,Shamirpet,Shamirpet,Medchal,SY000845,7.27,17.598796,78.570474
PPB000846,Naresh Verma,9963044836,Nalgonda,Nalgonda,Nalgonda,SY000846,1.55,17.055436,79.262232
PPB000847,Rajesh Sharma,9766404735,Ibrahimpatnam,Ibrahimpatnam,Rangareddy,SY000847,6.73,17.180913,78.570953
PPB000848,Prakash Rao,9831995298,Bachupally,Quthbullapur,Medchal,SY000848,1.18,17.550445,78.373048
PPB000849,Arjun Patel,9581083583,Gachibowli,Serilingampally,Hyderabad,SY000849,9.87,17.446863,78.346811
PPB000850,Kiran Rao,9556383000,Bachupally,Quthbullapur,Medchal,SY000850,7.8,17.546531,78.36703
PPB000851,Ramesh Rao,9440330416,Nalgonda,Nalgonda,Nalgonda,SY000851,6.9,17.042624,79.271811
PPB000852,Naresh Reddy,9118600892,Shamirpet,Shamirpet,Medchal,SY000852,1.86,17.596464,78.562822
PPB000853,Naresh Yadav,9568044731,Kodad,Kodad,Suryapet,SY000853,3.38,17.001121,79.964428
PPB000854,Rajesh Reddy,9368474883,Shamirpet,Shamirpet,Medchal,SY000854,4.44,17.604563,78.569551
PPB000855,Arjun Goud,9173906375,Ibrahimpatnam,Ibrahimpatnam,Rangareddy,SY000855,5.29,17.182179,78.568212
PPB000856,Arjun Reddy,9182379312,Miyapur,Serilingampally,Hyderabad,SY000856,4.63,17.502761,78.357468
PPB000857,Arjun Naidu,9074645205,Kodad,Kodad,Suryapet,SY000857,7.2,16.999975,79.972429
PPB000858,Mohan Naidu,9878753577,Shamirpet,Shamirpet,Medchal,SY000858,5.63,17.601873,78.574855
PPB000859,Venkat Reddy,9616202812,Gachibowli,Serilingampally,Hyderabad,SY000859,2.78,17.447495,78.341173
PPB000860,Vijay Rao,9872866041,Shadnagar,Shadnagar,Rangareddy,SY000860,4.92,17.065884,78.213439
PPB000861,Srikanth Patel,9959224839,Shamirpet,Shamirpet,Medchal,SY000861,9.57,17.592125,78.56709
PPB000862,Vijay Naidu,9522870562,Nalgonda,Nalgonda,Nalgonda,SY000862,2.35,17.041341,79.27654
PPB000863,Mohan Naidu,9318751097,Shamirpet,Shamirpet,Medchal,SY000863,6.35,17.586035,78.567727
PPB000864,Anil Kumar,9344694596,Bachupally,Quthbullapur,Medchal,SY000864,9.41,17.547222,78.369832
PPB000865,Suresh Varma,9213424912,Bachupally,Quthbullapur,Medchal,SY000865,8.17,17.547746,78.372321
PPB000866,Prakash Varma,9949732033,Ibrahimpatnam,Ibrahimpatnam,Rangareddy,SY000866,1.82,17.196067,78.56493
PPB000867,Vijay Kumar,9510287675,Miyapur,Serilingampally,Hyderabad,SY000867,3.72,17.5012,78.351815
PPB000868,Rajesh Sharma,9754858193,Shadnagar,Shadnagar,Rangareddy,SY000868,9.6,17.07891,78.211672
PPB000869,Naresh Sharma,9877418652,Miyapur,Serilingampally,Hyderabad,SY000869,1.23,17.493314,78.356322
PPB000870,Mohan Sharma,9398365203,Ibrahimpatnam,Ibrahimpatnam,Rangareddy,SY000870,4.98,17.19052,78.562112
PPB000871,Anil Reddy,9548094047,Shamirpet,Shamirpet,Medchal,SY000871,4.58,17.604615,78.569085
PPB000872,Naveen Kumar,9907977278,Shamirpet,Shamirpet,Medchal,SY000872,8.27,17.585464,78.555577
PPB000873,Mohan Rao,9216107051,Miyapur,Serilingampally,Hyderabad,SY000873,8.72,17.49155,78.364052
PPB000874,Mohan Kumar,9552958066,Kodad,Kodad,Suryapet,SY000874,8.54,17.001393,79.956299
PPB000875,Ravi Yadav,9127049386,Suryapet,Suryapet,Suryapet,SY000875,2.56,17.144937,79.626757
PPB000876,Kiran Yadav,9851579197,Kondapur,Serilingampally,Hyderabad,SY000876,1.79,17.46636,78.34965
PPB000877,Ravi Patel,9902035713,Gachibowli,Serilingampally,Hyderabad,SY000877,3.77,17.443718,78.357753
PPB000878,Mohan Rao,9406424295,Bachupally,Quthbullapur,Medchal,SY000878,4.73,17.552706,78.362456
PPB000879,Ravi Yadav,9474175955,Bachupally,Quthbullapur,Medchal,SY000879,7.95,17.546461,78.37359
PPB000880,Ramesh Varma,9628936543,Miyapur,Serilingampally,Hyderabad,SY000880,4.08,17.50537,78.358032
PPB000881,Suresh Goud,9343740182,Shamirpet,Shamirpet,Medchal,SY000881,5.28,17.594045,78.56146
PPB000882,Rajesh Varma,9051502675,Kodad,Kodad,Suryapet,SY000882,4.03,17.00606,79.958742
PPB000883,Kiran Rao,9782079799,Ibrahimpatnam,Ibrahimpatnam,Rangareddy,SY000883,7.25,17.194619,78.571471
PPB000884,Kiran Patel,9957640381,Bachupally,Quthbullapur,Medchal,SY000884,4.79,17.551481,78.37608
PPB000885,Prakash Kumar,9282498392,Shadnagar,Shadnagar,Rangareddy,SY000885,2.17,17.066663,78.214198
PPB000886,Kiran Rao,9576270232,Gachibowli,Serilingampally,Hyderabad,SY000886,3.71,17.431708,78.343624
PPB000887,Rajesh Reddy,9328507251,Bachupally,Quthbullapur,Medchal,SY000887,5.24,17.549736,78.370976
PPB000888,Naveen Sharma,9731625265,Nalgonda,Nalgonda,Nalgonda,SY000888,9.08,17.056396,79.271607
PPB000889,Prakash Sharma,9815790392,Shadnagar,Shadnagar,Rangareddy,SY000889,7.91,17.067383,78.201797
PPB000890,Prakash Varma,9613273034,Kondapur,Serilingampally,Hyderabad,SY000890,4.92,17.454792,78.359081
PPB000891,Ravi Yadav,9467046226,Shadnagar,Shadnagar,Rangareddy,SY000891,7.14,17.076685,78.204298
PPB000892,Anil Reddy,9602529867,Gachibowli,Serilingampally,Hyderabad,SY000892,1.1,17.443176,78.352304
PPB000893,Arjun Kumar,9464197857,Shadnagar,Shadnagar,Rangareddy,SY000893,7.41,17.076883,78.214435
PPB000894,Arjun Rao,9686120594,Gachibowli,Serilingampally,Hyderabad,SY000894,2.78,17.446357,78.353453
PPB000895,Rajesh Kumar,9740177509,Nalgonda,Nalgonda,Nalgonda,SY000895,7.18,17.045047,79.263749
PPB000896,Arjun Kumar,9842456075,Shamirpet,Shamirpet,Medchal,SY000896,3.68,17.585412,78.557234
PPB000897,Srikanth Sharma,9321812276,Kondapur,Serilingampally,Hyderabad,SY000897,9.03,17.454908,78.355161
PPB000898,Mahesh Goud,9970155029,Kodad,Kodad,Suryapet,SY000898,9.79,17.000756,79.972641
PPB000899,Srikanth Reddy,9546602416,Shadnagar,Shadnagar,Rangareddy,SY000899,9.69,17.075873,78.206418
PPB000900,Prakash Goud,9830597364,Shamirpet,Shamirpet,Medchal,SY000900,7.72,17.600266,78.560537
PPB000901,Prakash Sharma,9244063062,Kondapur,Serilingampally,Hyderabad,SY000901,3.47,17.457249,78.361805
PPB000902,Suresh Naidu,9305319497,Ibrahimpatnam,Ibrahimpatnam,Rangareddy,SY000902,6.29,17.192695,78.568575
PPB000903,Vijay Goud,9055557277,Shadnagar,Shadnagar,Rangareddy,SY000903,2.9,17.073955,78.20846
PPB000904,Rajesh Kumar,9917851385,Shamirpet,Shamirpet,Medchal,SY000904,3.74,17.599717,78.56403
PPB000905,Ramesh Rao,9992959660,Nalgonda,Nalgonda,Nalgonda,SY000905,7.76,17.045678,79.271881
PPB000906,Rajesh Goud,9269116331,Bachupally,Quthbullapur,Medchal,SY000906,6.14,17.539572,78.360182
PPB000907,Srikanth Sharma,9536945515,Shadnagar,Shadnagar,Rangareddy,SY000907,5.52,17.07065,78.199502
PPB000908,Vijay Verma,9472264085,Shadnagar,Shadnagar,Rangareddy,SY000908,7.87,17.073124,78.208667
PPB000909,Rajesh Varma,9666309329,Gachibowli,Serilingampally,Hyderabad,SY000909,6.58,17.450078,78.350891
PPB000910,Ramesh Patel,9932971509,Shadnagar,Shadnagar,Rangareddy,SY000910,8.95,17.073082,78.206041
PPB000911,Naresh Rao,9753273524,Bachupally,Quthbullapur,Medchal,SY000911,1.58,17.536618,78.368552
PPB000912,Mahesh Varma,9732781952,Nalgonda,Nalgonda,Nalgonda,SY000912,3.2,17.054441,79.258397
PPB000913,Naveen Sharma,9876164819,Kondapur,Serilingampally,Hyderabad,SY000913,6.82,17.458683,78.346474
PPB000914,Naresh Kumar,9460568761,Nalgonda,Nalgonda,Nalgonda,SY000914,1.93,17.056941,79.272159
PPB000915,Arjun Reddy,9256523734,Kodad,Kodad,Suryapet,SY000915,1.87,17.000841,79.956481
PPB000916,Arjun Naidu,9454757494,Nalgonda,Nalgonda,Nalgonda,SY000916,6.35,17.055226,79.25996
PPB000917,Ramesh Naidu,9595442947,Shamirpet,Shamirpet,Medchal,SY000917,7.42,17.598166,78.558089
PPB000918,Ravi Varma,9464303942,Miyapur,Serilingampally,Hyderabad,SY000918,6.26,17.491188,78.361423
PPB000919,Rajesh Verma,9925298585,Suryapet,Suryapet,Suryapet,SY000919,4.4,17.148522,79.622968
PPB000920,Vijay Rao,9760153433,Suryapet,Suryapet,Suryapet,SY000920,2.35,17.142173,79.624575
PPB000921,Naveen Naidu,9577908335,Gachibowli,Serilingampally,Hyderabad,SY000921,6.98,17.43807,78.340877
PPB000922,Srikanth Reddy,9488810798,Ibrahimpatnam,Ibrahimpatnam,Rangareddy,SY000922,3.23,17.185121,78.576789
PPB000923,Mahesh Verma,9209484131,Bachupally,Quthbullapur,Medchal,SY000923,9.16,17.538651,78.363055
PPB000924,Mahesh Naidu,9997718051,Bachupally,Quthbullapur,Medchal,SY000924,2.77,17.538328,78.358668
PPB000925,Suresh Goud,9939749096,Bachupally,Quthbullapur,Medchal,SY000925,8.75,17.53823,78.37473
PPB000926,Prakash Varma,9704694725,Bachupally,Quthbullapur,Medchal,SY000926,5.57,17.546284,78.376029
PPB000927,Kiran Goud,9354884712,Shamirpet,Shamirpet,Medchal,SY000927,5.39,17.591084,78.574487
PPB000928,Vijay Rao,9216417582,Nalgonda,Nalgonda,Nalgonda,SY000928,2.74,17.042174,79.261636
PPB000929,Srikanth Yadav,9587149392,Shamirpet,Shamirpet,Medchal,SY000929,3.91,17.588538,78.562925
PPB000930,Naresh Rao,9925879643,Miyapur,Serilingampally,Hyderabad,SY000930,9.4,17.49544,78.364125
PPB000931,Anil Rao,9455574696,Shamirpet,Shamirpet,Medchal,SY000931,7.86,17.584813,78.5738
PPB000932,Rajesh Patel,9274033445,Kondapur,Serilingampally,Hyderabad,SY000932,1.21,17.45655,78.353648
PPB000933,Srikanth Naidu,9398741132,Suryapet,Suryapet,Suryapet,SY000933,3.93,17.139594,79.624425
PPB000934,Ramesh Sharma,9734996010,Nalgonda,Nalgonda,Nalgonda,SY000934,6.76,17.045521,79.264389
PPB000935,Suresh Verma,9215622949,Shamirpet,Shamirpet,Medchal,SY000935,2.8,17.58646,78.559905
PPB000936,Srikanth Yadav,9884021557,Kodad,Kodad,Suryapet,SY000936,7.73,16.992296,79.961425
PPB000937,Vijay Patel,9534490216,Bachupally,Quthbullapur,Medchal,SY000937,4.85,17.552121,78.372962
PPB000938,Ramesh Goud,9509608587,Suryapet,Suryapet,Suryapet,SY000938,3.54,17.136675,79.611342
PPB000939,Prakash Reddy,9818281979,Gachibowli,Serilingampally,Hyderabad,SY000939,6.85,17.433918,78.340362
PPB000940,Naresh Yadav,9772512957,Shadnagar,Shadnagar,Rangareddy,SY000940,5.75,17.073852,78.211404
PPB000941,Venkat Kumar,9694096003,Shadnagar,Shadnagar,Rangareddy,SY000941,3.9,17.06301,78.212111
PPB000942,Naveen Patel,9873959232,Kodad,Kodad,Suryapet,SY000942,2.86,16.991632,79.955524
PPB000943,Naresh Kumar,9285155333,Kodad,Kodad,Suryapet,SY000943,3.73,16.996486,79.960422
PPB000944,Arjun Patel,9027160736,Bachupally,Quthbullapur,Medchal,SY000944,1.44,17.544771,78.360973
PPB000945,Prakash Reddy,9128981231,Shadnagar,Shadnagar,Rangareddy,SY000945,9.47,17.074813,78.202168
PPB000946,Rajesh Naidu,9318574817,Ibrahimpatnam,Ibrahimpatnam,Rangareddy,SY000946,1.15,17.187601,78.5704
PPB000947,Anil Patel,9416431670,Gachibowli,Serilingampally,Hyderabad,SY000947,9.56,17.435594,78.351847
PPB000948,Ramesh Rao,9329028227,Ibrahimpatnam,Ibrahimpatnam,Rangareddy,SY000948,7.86,17.181224,78.578048
PPB000949,Anil Varma,9626228225,Shamirpet,Shamirpet,Medchal,SY000949,8.91,17.586888,78.558247
PPB000950,Mahesh Yadav,9654950050,Nalgonda,Nalgonda,Nalgonda,SY000950,9.0,17.040684,79.274441
PPB000951,Ramesh Goud,9698221053,Shadnagar,Shadnagar,Rangareddy,SY000951,1.83,17.079764,78.197248
PPB000952,Vijay Sharma,9872904774,Nalgonda,Nalgonda,Nalgonda,SY000952,2.15,17.053127,79.264312
PPB000953,Naveen Reddy,9779323822,Kodad,Kodad,Suryapet,SY000953,3.03,16.989644,79.956896
PPB000954,Kiran Varma,9133424579,Shadnagar,Shadnagar,Rangareddy,SY000954,5.68,17.071543,78.212672
PPB000955,Anil Sharma,9529060320,Miyapur,Serilingampally,Hyderabad,SY000955,2.29,17.486682,78.362895
PPB000956,Rajesh Patel,9097753967,Miyapur,Serilingampally,Hyderabad,SY000956,9.93,17.495064,78.352256
PPB000957,Suresh Yadav,9855245787,Nalgonda,Nalgonda,Nalgonda,SY000957,6.97,17.05336,79.263848
PPB000958,Kiran Reddy,9560821371,Suryapet,Suryapet,Suryapet,SY000958,2.08,17.144254,79.612526
PPB000959,Kiran Verma,9681826832,Ibrahimpatnam,Ibrahimpatnam,Rangareddy,SY000959,8.56,17.184437,78.562334
PPB000960,Srikanth Varma,9298808583,Ibrahimpatnam,Ibrahimpatnam,Rangareddy,SY000960,7.24,17.199943,78.565335
PPB000961,Suresh Rao,9932896340,Miyapur,Serilingampally,Hyderabad,SY000961,9.63,17.504978,78.35293
PPB000962,Rajesh Verma,9752401484,Suryapet,Suryapet,Suryapet,SY000962,2.88,17.144669,79.62188
PPB000963,Ramesh Sharma,9227236266,Gachibowli,Serilingampally,Hyderabad,SY000963,6.32,17.435071,78.345908
PPB000964,Kiran Rao,9619237245,Bachupally,Quthbullapur,Medchal,SY000964,1.1,17.538346,78.363223
PPB000965,Arjun Varma,9737418972,Gachibowli,Serilingampally,Hyderabad,SY000965,1.63,17.44968,78.35711
PPB000966,Venkat Yadav,9064176927,Ibrahimpatnam,Ibrahimpatnam,Rangareddy,SY000966,7.83,17.184493,78.564061
PPB000967,Prakash Patel,9376601444,Kodad,Kodad,Suryapet,SY000967,6.76,16.994577,79.96834
PPB000968,Anil Reddy,9017397396,Shamirpet,Shamirpet,Medchal,SY000968,6.99,17.586779,78.570618
PPB000969,Srikanth Varma,9969860919,Nalgonda,Nalgonda,Nalgonda,SY000969,8.54,17.052854,79.258972
PPB000970,Suresh Naidu,9599660577,Gachibowli,Serilingampally,Hyderabad,SY000970,6.16,17.440555,78.357704
PPB000971,Naveen Kumar,9392051460,Shadnagar,Shadnagar,Rangareddy,SY000971,7.56,17.076989,78.20007
PPB000972,Anil Naidu,9470574238,Ibrahimpatnam,Ibrahimpatnam,Rangareddy,SY000972,7.94,17.190946,78.568438
PPB000973,Arjun Patel,9271559835,Shadnagar,Shadnagar,Rangareddy,SY000973,8.46,17.062026,78.209439
PPB000974,Anil Varma,9726347557,Shadnagar,Shadnagar,Rangareddy,SY000974,9.06,17.075095,78.214186
PPB000975,Ramesh Reddy,9394884882,Ibrahimpatnam,Ibrahimpatnam,Rangareddy,SY000975,4.58,17.193913,78.565972
PPB000976,Mohan Varma,9642585626,Gachibowli,Serilingampally,Hyderabad,SY000976,1.93,17.449221,78.355191
PPB000977,Prakash Varma,9153703824,Shamirpet,Shamirpet,Medchal,SY000977,1.24,17.589189,78.568902
PPB000978,Mahesh Naidu,9732043097,Bachupally,Quthbullapur,Medchal,SY000978,8.54,17.544291,78.368025
PPB000979,Mahesh Sharma,9289696454,Kodad,Kodad,Suryapet,SY000979,4.88,16.99529,79.97351
PPB000980,Anil Goud,9512538921,Bachupally,Quthbullapur,Medchal,SY000980,9.83,17.551684,78.367149
PPB000981,Srikanth Patel,9193583749,Nalgonda,Nalgonda,Nalgonda,SY000981,8.53,17.049205,79.265757
PPB000982,Rajesh Reddy,9208780572,Kodad,Kodad,Suryapet,SY000982,1.57,16.995088,79.974095
PPB000983,Prakash Yadav,9097626374,Shamirpet,Shamirpet,Medchal,SY000983,5.85,17.598193,78.561611
PPB000984,Arjun Goud,9628950905,Kodad,Kodad,Suryapet,SY000984,6.29,17.003492,79.95642
PPB000985,Srikanth Sharma,9233922071,Gachibowli,Serilingampally,Hyderabad,SY000985,3.99,17.431983,78.346971
PPB000986,Arjun Sharma,9672521452,Shadnagar,Shadnagar,Rangareddy,SY000986,7.37,17.077581,78.204994
PPB000987,Kiran Sharma,9335157184,Miyapur,Serilingampally,Hyderabad,SY000987,1.18,17.498123,78.36664
PPB000988,Naveen Patel,9120800564,Kondapur,Serilingampally,Hyderabad,SY000988,1.25,17.466103,78.357267
PPB000989,Ravi Naidu,9972835129,Gachibowli,Serilingampally,Hyderabad,SY000989,4.37,17.433639,78.347714
PPB000990,Srikanth Rao,9709081441,Miyapur,Serilingampally,Hyderabad,SY000990,4.14,17.489608,78.35737
PPB000991,Vijay Naidu,9929578671,Gachibowli,Serilingampally,Hyderabad,SY000991,7.02,17.431409,78.343824
PPB000992,Mahesh Verma,9360507918,Miyapur,Serilingampally,Hyderabad,SY000992,1.82,17.499096,78.365237
PPB000993,Prakash Goud,9868345273,Kodad,Kodad,Suryapet,SY000993,3.64,17.000527,79.963085
PPB000994,Suresh Verma,9071587964,Shadnagar,Shadnagar,Rangareddy,SY000994,5.48,17.075727,78.200744
PPB000995,Srikanth Kumar,9314998250,Kondapur,Serilingampally,Hyderabad,SY000995,5.81,17.448944,78.352059
PPB000996,Anil Goud,9068828503,Bachupally,Quthbullapur,Medchal,SY000996,1.89,17.554999,78.374847
PPB000997,Suresh Naidu,9739900631,Ibrahimpatnam,Ibrahimpatnam,Rangareddy,SY000997,9.32,17.180095,78.566808
PPB000998,Ravi Sharma,9356022939,Ibrahimpatnam,Ibrahimpatnam,Rangareddy,SY000998,7.02,17.197639,78.570457
PPB000999,Mohan Yadav,9346066643,Kodad,Kodad,Suryapet,SY000999,8.35,16.997764,79.967003
PPB001000,Ramesh Verma,9231112712,Shadnagar,Shadnagar,Rangareddy,SY001000,5.83,17.063347,78.209802
