centre_id,centre_name,agency,village,mandal,district,latitude,longitude,capacity,status
PPC001,Kondapur Procurement Centre 1,IKP,Kondapur,Serilingampally,Hyderabad,17.458657,78.353396,700,FULL
PPC002,Kondapur Procurement Centre 2,FPO,Kondapur,Serilingampally,Hyderabad,17.468956,78.353364,400,FULL
PPC003,Kondapur Procurement Centre 3,PACS,Kondapur,Serilingampally,Hyderabad,17.451371,78.355167,300,LIMITED
PPC004,Kondapur Procurement Centre 4,MEPMA,Kondapur,Serilingampally,Hyderabad,17.47178,78.364791,700,ACTIVE
PPC005,Kondapur Procurement Centre 5,IKP,Kondapur,Serilingampally,Hyderabad,17.449066,78.350326,700,ACTIVE
PPC006,Gachibowli Procurement Centre 1,FPO,Gachibowli,Serilingampally,Hyderabad,17.452151,78.355661,300,ACTIVE
PPC007,Gachibowli Procurement Centre 2,MEPMA,Gachibowli,Serilingampally,Hyderabad,17.435069,78.338512,700,INACTIVE
PPC008,Gachibowli Procurement Centre 3,IKP,Gachibowli,Serilingampally,Hyderabad,17.431753,78.339395,600,ACTIVE
PPC009,Gachibowli Procurement Centre 4,MEPMA,Gachibowli,Serilingampally,Hyderabad,17.454225,78.35741,1000,ACTIVE
PPC010,Gachibowli Procurement Centre 5,IKP,Gachibowli,Serilingampally,Hyderabad,17.432781,78.356818,400,ACTIVE
PPC011,Miyapur Procurement Centre 1,MEPMA,Miyapur,Serilingampally,Hyderabad,17.49362,78.343814,500,FULL
PPC012,Miyapur Procurement Centre 2,IKP,Miyapur,Serilingampally,Hyderabad,17.482168,78.354878,400,FULL
PPC013,Miyapur Procurement Centre 3,IKP,Miyapur,Serilingampally,Hyderabad,17.510692,78.371894,500,FULL
PPC014,Miyapur Procurement Centre 4,MEPMA,Miyapur,Serilingampally,Hyderabad,17.497415,78.37103,500,ACTIVE
PPC015,Miyapur Procurement Centre 5,MEPMA,Miyapur,Serilingampally,Hyderabad,17.508634,78.365934,1000,ACTIVE
PPC016,Bachupally Procurement Centre 1,PACS,Bachupally,Quthbullapur,Medchal,17.55845,78.368206,500,ACTIVE
PPC017,Bachupally Procurement Centre 2,PACS,Bachupally,Quthbullapur,Medchal,17.544365,78.36533,500,INACTIVE
PPC018,Bachupally Procurement Centre 3,PACS,Bachupally,Quthbullapur,Medchal,17.542804,78.36547,500,ACTIVE
PPC019,Bachupally Procurement Centre 4,IKP,Bachupally,Quthbullapur,Medchal,17.541927,78.363912,400,FULL
PPC020,Bachupally Procurement Centre 5,FPO,Bachupally,Quthbullapur,Medchal,17.552876,78.352292,300,FULL
PPC021,Shamirpet Procurement Centre 1,FPO,Shamirpet,Shamirpet,Medchal,17.606769,78.559737,300,LIMITED
PPC022,Shamirpet Procurement Centre 2,IKP,Shamirpet,Shamirpet,Medchal,17.601619,78.569982,700,ACTIVE
PPC023,Shamirpet Procurement Centre 3,MEPMA,Shamirpet,Shamirpet,Medchal,17.582692,78.5525,300,LIMITED
PPC024,Shamirpet Procurement Centre 4,FPO,Shamirpet,Shamirpet,Medchal,17.582543,78.579588,300,ACTIVE
PPC025,Shamirpet Procurement Centre 5,MEPMA,Shamirpet,Shamirpet,Medchal,17.603863,78.571125,600,INACTIVE
PPC026,Ibrahimpatnam Procurement Centre 1,PACS,Ibrahimpatnam,Ibrahimpatnam,Rangareddy,17.17662,78.578081,400,INACTIVE
PPC027,Ibrahimpatnam Procurement Centre 2,FPO,Ibrahimpatnam,Ibrahimpatnam,Rangareddy,17.187184,78.575629,400,ACTIVE
PPC028,Ibrahimpatnam Procurement Centre 3,PACS,Ibrahimpatnam,Ibrahimpatnam,Rangareddy,17.195959,78.559495,400,ACTIVE
PPC029,Ibrahimpatnam Procurement Centre 4,FPO,Ibrahimpatnam,Ibrahimpatnam,Rangareddy,17.195006,78.562467,500,FULL
PPC030,Ibrahimpatnam Procurement Centre 5,PACS,Ibrahimpatnam,Ibrahimpatnam,Rangareddy,17.201158,78.558786,400,LIMITED
PPC031,Shadnagar Procurement Centre 1,IKP,Shadnagar,Shadnagar,Rangareddy,17.057368,78.19333,400,INACTIVE
PPC032,Shadnagar Procurement Centre 2,FPO,Shadnagar,Shadnagar,Rangareddy,17.082195,78.200411,1000,INACTIVE
PPC033,Shadnagar Procurement Centre 3,MEPMA,Shadnagar,Shadnagar,Rangareddy,17.068205,78.216718,500,ACTIVE
PPC034,Shadnagar Procurement Centre 4,MEPMA,Shadnagar,Shadnagar,Rangareddy,17.063476,78.218676,600,ACTIVE
PPC035,Shadnagar Procurement Centre 5,PACS,Shadnagar,Shadnagar,Rangareddy,17.076126,78.215336,600,FULL
PPC036,Nalgonda Procurement Centre 1,FPO,Nalgonda,Nalgonda,Nalgonda,17.062923,79.273249,700,INACTIVE
PPC037,Nalgonda Procurement Centre 2,PACS,Nalgonda,Nalgonda,Nalgonda,17.054317,79.279404,1000,ACTIVE
PPC038,Nalgonda Procurement Centre 3,IKP,Nalgonda,Nalgonda,Nalgonda,17.035292,79.26378,1000,FULL
PPC039,Nalgonda Procurement Centre 4,PACS,Nalgonda,Nalgonda,Nalgonda,17.064095,79.275186,300,ACTIVE
PPC040,Nalgonda Procurement Centre 5,MEPMA,Nalgonda,Nalgonda,Nalgonda,17.03509,79.262446,300,ACTIVE
PPC041,Suryapet Procurement Centre 1,PACS,Suryapet,Suryapet,Suryapet,17.126368,79.623347,500,ACTIVE
PPC042,Suryapet Procurement Centre 2,FPO,Suryapet,Suryapet,Suryapet,17.141283,79.623806,300,ACTIVE
PPC043,Suryapet Procurement Centre 3,FPO,Suryapet,Suryapet,Suryapet,17.151415,79.623498,400,FULL
PPC044,Suryapet Procurement Centre 4,FPO,Suryapet,Suryapet,Suryapet,17.135383,79.627501,500,INACTIVE
PPC045,Suryapet Procurement Centre 5,PACS,Suryapet,Suryapet,Suryapet,17.129395,79.61584,300,ACTIVE
PPC046,Kodad Procurement Centre 1,PACS,Kodad,Kodad,Suryapet,16.995227,79.964607,700,ACTIVE
PPC047,Kodad Procurement Centre 2,PACS,Kodad,Kodad,Suryapet,16.994934,79.962854,700,ACTIVE
PPC048,Kodad Procurement Centre 3,PACS,Kodad,Kodad,Suryapet,16.999402,79.971514,600,ACTIVE
PPC049,Kodad Procurement Centre 4,FPO,Kodad,Kodad,Suryapet,17.006349,79.976863,600,FULL
PPC050,Kodad Procurement Centre 5,IKP,Kodad,Kodad,Suryapet,17.003832,79.953759,400,INACTIVE
